Gene,Aproach,ProbaCat,RateCat,A[A>C]A,A[A>C]C,A[A>C]G,A[A>C]T,A[A>G]A,A[A>G]C,A[A>G]G,A[A>G]T,A[A>T]A,A[A>T]C,A[A>T]G,A[A>T]T,A[C>A]A,A[C>A]C,A[C>A]G,A[C>A]T,A[C>G]A,A[C>G]C,A[C>G]G,A[C>G]T,A[C>T]A,A[C>T]C,A[C>T]G,A[C>T]T,A[G>A]A,A[G>A]C,A[G>A]G,A[G>A]T,A[G>C]A,A[G>C]C,A[G>C]G,A[G>C]T,A[G>T]A,A[G>T]C,A[G>T]G,A[G>T]T,A[T>A]A,A[T>A]C,A[T>A]G,A[T>A]T,A[T>C]A,A[T>C]C,A[T>C]G,A[T>C]T,A[T>G]A,A[T>G]C,A[T>G]G,A[T>G]T,C[A>C]A,C[A>C]C,C[A>C]G,C[A>C]T,C[A>G]A,C[A>G]C,C[A>G]G,C[A>G]T,C[A>T]A,C[A>T]C,C[A>T]G,C[A>T]T,C[C>A]A,C[C>A]C,C[C>A]G,C[C>A]T,C[C>G]A,C[C>G]C,C[C>G]G,C[C>G]T,C[C>T]A,C[C>T]C,C[C>T]G,C[C>T]T,C[G>A]A,C[G>A]C,C[G>A]G,C[G>A]T,C[G>C]A,C[G>C]C,C[G>C]G,C[G>C]T,C[G>T]A,C[G>T]C,C[G>T]G,C[G>T]T,C[T>A]A,C[T>A]C,C[T>A]G,C[T>A]T,C[T>C]A,C[T>C]C,C[T>C]G,C[T>C]T,C[T>G]A,C[T>G]C,C[T>G]G,C[T>G]T,G[A>C]A,G[A>C]C,G[A>C]G,G[A>C]T,G[A>G]A,G[A>G]C,G[A>G]G,G[A>G]T,G[A>T]A,G[A>T]C,G[A>T]G,G[A>T]T,G[C>A]A,G[C>A]C,G[C>A]G,G[C>A]T,G[C>G]A,G[C>G]C,G[C>G]G,G[C>G]T,G[C>T]A,G[C>T]C,G[C>T]G,G[C>T]T,G[G>A]A,G[G>A]C,G[G>A]G,G[G>A]T,G[G>C]A,G[G>C]C,G[G>C]G,G[G>C]T,G[G>T]A,G[G>T]C,G[G>T]G,G[G>T]T,G[T>A]A,G[T>A]C,G[T>A]G,G[T>A]T,G[T>C]A,G[T>C]C,G[T>C]G,G[T>C]T,G[T>G]A,G[T>G]C,G[T>G]G,G[T>G]T,T[A>C]A,T[A>C]C,T[A>C]G,T[A>C]T,T[A>G]A,T[A>G]C,T[A>G]G,T[A>G]T,T[A>T]A,T[A>T]C,T[A>T]G,T[A>T]T,T[C>A]A,T[C>A]C,T[C>A]G,T[C>A]T,T[C>G]A,T[C>G]C,T[C>G]G,T[C>G]T,T[C>T]A,T[C>T]C,T[C>T]G,T[C>T]T,T[G>A]A,T[G>A]C,T[G>A]G,T[G>A]T,T[G>C]A,T[G>C]C,T[G>C]G,T[G>C]T,T[G>T]A,T[G>T]C,T[G>T]G,T[G>T]T,T[T>A]A,T[T>A]C,T[T>A]G,T[T>A]T,T[T>C]A,T[T>C]C,T[T>C]G,T[T>C]T,T[T>G]A,T[T>G]C,T[T>G]G,T[T>G]T
cytb,RY10.12,0.00_0.30,1234,0,0,0,0,0.0169562,0.00288613,0.00536387,0.00524713,0,0,0,0,0,0,0,0,0,0,0,0,0.00631217,0.0205643,0.000503406,0.0684059,0.0572337,0.0186323,0.0143305,0.0221126,0,0,0,0,0,0,0,0,0,0,0,0,0.0113445,0.0476402,3.05031e-05,0.0802366,0,0,0,0,0.00168692,0,0,0,0,0,0,0,9.79336e-05,0,0,0,0.000521257,0,4.96249e-05,0,8.03237e-06,0,0,0,0.000703371,0.000275981,2.09935e-06,0.0748026,0.000501942,0,0,0,1.70922e-05,0,0,0,4.32834e-05,0,0,0,0.000697361,0,4.96249e-05,0,0.00364208,0.00191479,2.64612e-06,0.128117,0,0,0,0,0,0,0,0,0.00843409,0.000144337,0.0063231,0.00120382,0,0,0,0,0,0,0,0,0,0,0,0,0,0.00591331,0,0.00894657,0.0282854,0.00129305,0.0164037,0.00279088,0,0,0,0,0,0,0,0,0,0,0,0,0,0.0190922,0,0.00930743,0,0,0,0,0.000443582,0,8.78378e-05,0,0.00176608,0.000996826,0.00740552,0.00548338,0.000722203,0,0.000182919,0,0.00052354,0,0.000473458,0,8.95952e-06,0,1.40546e-05,0,0.0167342,0.000640987,0.0455823,0.028398,0.00443871,0.0147677,0.025819,0.0232769,0,0,0.000116117,0,6.3413e-05,0,0,0,0.000780722,0,0.000254981,8.03192e-05,0.024164,0.000807051,0.042864,0.0540008,3.0846e-05,0,0,0
cytb,RY10.12,0.00_0.30,56,0,0,0,0,0.00061124,0.00416154,0.00038063,0.00386582,0,0,0,0,0,0,0,0,0,0,0,0,0.0305589,0.015749,0.0188712,0.0173009,0.00419613,0.0106405,0.0029601,0.00862697,0,0,0,0,0,0,0,0,0,0,0,0,0.0264882,0.0154847,0.0189246,0.0166806,0,0,0,0,0.00387989,0.00321926,0.00251718,0.00354456,0.00370163,0.00353648,0.00762396,0.00595284,0.00340863,0.00193201,0.00289248,0.00239432,0.00268825,0.00205163,0.00236625,0.00252113,0.00059095,0.000170207,0.000140352,0.000170171,0.0335103,0.0203863,0.0157923,0.0144876,0.0119034,0.0108864,0.0149456,0.0164721,0.000494977,0.000588915,0.00050799,0.000694725,0.000473974,0.000360533,0.000399906,0.000401389,0.00160404,0.00114822,0.00187302,0.00131731,0.0271744,0.0186238,0.0173041,0.0191612,0.000121015,0.000128642,0.000173514,6.39439e-05,0.00133672,0.00265074,0.00196514,0.00280742,0.00199937,0.0023261,0.0124435,0.00840618,0.00104697,0.0014344,0.00172969,0.0015564,0.000909806,0.00172337,0.00070205,0.00231767,0.000120425,0.000226993,0.000431356,0.000652932,0.00791354,0.0104171,0.00727344,0.0106992,0.00943121,0.0119799,0.0184254,0.019004,0.0005205,0.00075797,0.000687147,0.000754169,0.000320463,0.000295923,0.000668982,0.000397605,0.000838471,0.00151395,0.00103829,0.00149075,0.0125567,0.0163635,0.00841704,0.0153721,8.29259e-05,0.000282052,0.000656279,0.000270391,0.00293886,0.00358959,0.00121307,0.00151162,0.0077793,0.011446,0.00800882,0.00546473,0.00241713,0.00253572,0.000879204,0.000882701,0.00210676,0.0023439,0.00107482,0.00139657,0.000230209,0.000351285,9.60177e-05,0.000164473,0.0273871,0.0263997,0.0182949,0.0122272,0.0162304,0.0208718,0.0150267,0.0145445,0.000552306,0.000879609,0.00027783,0.000488071,0.000763587,0.00075395,0.000249559,0.000371467,0.00159542,0.0023457,0.00157269,0.00129487,0.0278774,0.0265481,0.0210749,0.0182421,0.000214358,0.000196676,0.000112971,0.00015626
cytb,RY10.12,0.30_1.00,1234,0,0,0,0,0.0278921,0.0202477,0.015194,0.0212954,0,0,0,0,0,0,0,0,0,0,0,0,0.0201669,0.0615765,0.000217323,0.0813547,0.0281348,0.00253304,0.00778151,0.00863877,0,0,0,0,0,0,0,0,0,0,0,0,0.0101211,0.0177438,0.000236596,0.0441638,0,0,0,0,0.000530223,0,0,0,0.000268479,0,0,0,0.00208401,0,0,0,0.0068783,0.00015646,0,0,0,0,0,0,0.00817781,0.00204186,0,0.0973954,0,0,0,0,0,0,0,0,0,0,0,0,0.000392437,0.00015646,0,0,0.00118437,0.000478385,0,0.0667718,0,0,0,0,0,0,0,0,0.0237786,0.00481898,0.0177854,0.0080597,0,0,0,0,0,0,0,0,0,0,0,0,0,0.0289496,0,0.0122369,0.00691519,0,0.00729033,0.00269199,0,0,0,0,0,0,0,0,0,0,0,0,0,0.00476645,0,0.0042663,0,0,0,0,0.00160739,0,0.000629007,0,0.00553161,0.0164853,0.0205916,0.0228511,0.00442469,0,0.00188137,0.000107865,0.000484388,0,0,0,0,0,0,0,0.0178425,0.00106647,0.0207736,0.0424369,0.00175907,0.00427024,0.00612424,0.00892679,0,0,0,0,0.000155696,0,0.000212383,0,0.00149492,0.000223534,0.000141518,0,0.0329645,0.00089594,0.0852909,0.0253292,0.000123848,0,0,0
cytb,RY10.12,0.30_1.00,56,0,0,0,0,0.0054758,0.00599211,0.00402116,0.00839246,0,0,0,0,0,0,0,0,0,0,0,0,0.0194319,0.0156321,0.0146927,0.0138079,0.00481416,0.0198341,0.00231731,0.0166894,0,0,0,0,0,0,0,0,0,0,0,0,0.0281282,0.0192757,0.0236292,0.0234464,0,0,0,0,0.00349184,0.00535463,0.00422398,0.00767367,0.00200675,0.00267338,0.003488,0.00345918,0.0039728,0.00481766,0.00678235,0.00347511,0.00565253,0.00958106,0.00509411,0.00650513,0.000141297,0.000135989,0.000361659,5.0746e-05,0.0157262,0.0115188,0.0123957,0.00986275,0.00502361,0.00480386,0.0109472,0.00959675,0.000733284,3.0284e-05,0.00023144,0.00147345,0.000150877,2.54934e-05,0.000216625,0.000232445,0.00324177,0.00240547,0.00199882,0.00137091,0.0220848,0.0180655,0.0158027,0.0167774,0.000345219,0.000179719,0.000313879,2.60023e-05,0.00334319,0.00534989,0.00332335,0.00523265,0.00460448,0.00529155,0.0066964,0.00708649,0.00354284,0.00205153,0.00270746,0.00204637,0.00233809,0.00533088,0.00230403,0.00593951,0.000171086,0.000328352,0.000313775,0.000755186,0.0107626,0.0097692,0.00938872,0.0082052,0.00531143,0.00522731,0.0292757,0.0208733,3.9381e-05,0.000324143,0.00307539,0.000463282,3.61946e-05,4.10255e-05,0.00186473,0.000106557,0.00125211,0.000689514,0.00128006,0.00093724,0.011959,0.0117677,0.0113102,0.0110392,0.000384191,0.000160639,0.000504575,0.000340091,0.00269965,0.00522033,0.00241361,0.00469084,0.00356426,0.00610583,0.00415738,0.00432143,0.00607131,0.00459874,0.00657589,0.0043493,0.00512944,0.0072284,0.0040112,0.00474412,0.000257555,0.000259547,3.60726e-05,6.20341e-05,0.0184408,0.0160135,0.0120969,0.0122355,0.0170416,0.0198044,0.0142779,0.0166902,0.000381765,0.00107397,0.000284815,0.000950315,0.00100099,0.000189231,0.000161475,0.000186903,0.00207976,0.00181435,0.00270898,0.00164967,0.024932,0.0200826,0.0232808,0.0197967,0.000122097,0.000247762,0.000523936,0.000184758
cytb,gtr,0.00_0.30,1234,0,0,0,0,0.0166041,0.00279023,0.00496468,0.00564515,0,0,0,0,0,0,0,0,0,0,0,0,0.00614314,0.0188731,0.000677026,0.0627529,0.0503883,0.0167442,0.0119374,0.0225819,0,0,0,0,0,0,0,0,0,0,0,0,0.0109118,0.046307,8.45314e-05,0.0778009,0,0,0,0,0.00130063,0,0,0,2.76876e-05,0,0,0,0.000108238,0,0,0,0.000850934,0,5.22033e-05,0,4.25975e-05,0,0,0,0.000704141,0.000345507,1.31337e-05,0.0758013,0.00140502,0,0,0,0.000173802,0,0,0,0.000380016,0,0,0,0.00137325,0,5.22033e-05,0,0.00554113,0.00170112,9.61566e-06,0.130396,6.99422e-05,0,0,0,0,0,0,0,0.00818594,8.07069e-05,0.0055476,0.0012274,0,0,0,0,0,0,0,0,0,0,0,0,0,0.00719561,0,0.00897911,0.0270761,0.0013015,0.0157513,0.00283136,0,0,0,0,0,0,0,0,0,0,0,0,0,0.0193461,0,0.0112373,0,0,0,0,0.00057106,0,9.49572e-05,0,0.00778319,0.00109964,0.00660451,0.00543572,0.00121546,0,0.00032517,0,0.000184344,0,2.91397e-05,0,4.71962e-05,0,0,0,0.0149961,0.000482458,0.0482012,0.0293838,0.0123195,0.0131532,0.0244455,0.0221454,0.000854387,0,0.000286807,0,0.00184508,0,0.000177626,0,0.000710675,0,0.00024906,3.59266e-05,0.0263956,0.000810224,0.0431862,0.0524065,0.000205965,0,3.35171e-06,0
cytb,gtr,0.00_0.30,56,0,0,0,0,0.000504324,0.00396325,0.000430238,0.00335424,0,0,0,0,0,0,0,0,0,0,0,0,0.0320615,0.0165108,0.0204129,0.0161389,0.00351766,0.0100668,0.0022383,0.00754699,0,0,0,0,0,0,0,0,0,0,0,0,0.0256655,0.0154781,0.0186703,0.0169884,0,0,0,0,0.00335012,0.00288962,0.00236223,0.00331033,0.00437466,0.00399157,0.00789027,0.00717682,0.00333735,0.00181141,0.00232591,0.00213688,0.0024137,0.00181392,0.00218753,0.00203615,0.000806401,0.00021344,0.00016789,0.000233694,0.0315363,0.0204399,0.0156016,0.0139909,0.0124738,0.0115332,0.0144042,0.0163785,0.000927889,0.00113051,0.000949675,0.00135945,0.00128191,0.000993109,0.000940922,0.000805157,0.00169783,0.001359,0.00203224,0.00188068,0.0269003,0.0190953,0.0178366,0.0207654,0.000182408,0.000179906,0.000318449,0.000133437,0.00120311,0.00259906,0.00191499,0.00254424,0.00223751,0.00240395,0.0119323,0.00726092,0.00100449,0.00148879,0.00201001,0.0015315,0.000889828,0.00144131,0.000707637,0.00217441,0.000160601,0.000256015,0.000438394,0.000643849,0.00742679,0.00968943,0.0072503,0.0103468,0.00939193,0.0120113,0.0180884,0.0188326,0.000700278,0.00116102,0.000898475,0.00124757,0.000558189,0.000476268,0.000991258,0.000628149,0.00103951,0.00193233,0.000966759,0.00194314,0.0126626,0.0169755,0.00837626,0.0160215,0.000124619,0.000285863,0.000675137,0.000357658,0.00254598,0.00308131,0.00106454,0.00127149,0.00809262,0.0102999,0.00905886,0.00550601,0.00229179,0.00250272,0.000941558,0.000800552,0.00185151,0.00175137,0.000892585,0.00134063,0.00024517,0.000321551,0.000135125,0.000194731,0.0275859,0.0255681,0.0174643,0.0126022,0.015338,0.0198917,0.0145101,0.0143636,0.00102532,0.001439,0.000548278,0.00095076,0.00125222,0.0013712,0.000717125,0.000733792,0.00192443,0.00251572,0.00151232,0.00152537,0.0276336,0.0257025,0.0194909,0.0178043,0.000311403,0.00025805,0.000148826,0.00021183
cytb,gtr,0.30_1.00,1234,0,0,0,0,0.0297923,0.0203874,0.0156446,0.0216719,0,0,0,0,0,0,0,0,0,0,0,0,0.0207548,0.0615307,0.000215875,0.0819949,0.0277463,0.00253251,0.00791919,0.0082537,0,0,0,0,0,0,0,0,0,0,0,0,0.00915586,0.0178506,0.000193972,0.0458031,0,0,0,0,0.000531067,0,0,0,0.000268754,0,0,0,0.0017671,0,0,0,0.00651922,0,0,0,0,0,0,0,0.00837854,0.00185581,0,0.094968,0.000419877,0,0,0,0,0,0,0,0,0,0,0,0.000388712,0.000223175,0,0,0.00148781,0.000476353,0,0.0646061,0,0,0,0,0,0,0,0,0.0235331,0.00477674,0.0183991,0.00837528,0,0,0,0,0,0,0,0,0,0,0,0,0,0.0292369,0,0.0128307,0.00679038,0,0.0070523,0.00269306,0,0,0,0,0,0,0,0,0,0,0,0,0,0.0047909,0,0.00383295,0,0,0,0,0.00149631,0,0.000616417,0,0.00506221,0.0167587,0.0211922,0.0230813,0.00306718,0,0.00187247,0.000108503,0.000483183,0,0,0,0,0,0,0,0.018153,0.00108333,0.0227344,0.0429548,0.00169174,0.00374993,0.00561841,0.00825896,0,0,0,0,0.000219853,0,0.000212506,0,0.00155025,0.000220492,0.000192305,0,0.0318362,0.000897323,0.0856644,0.0254497,0.000124139,0,0,0
cytb,gtr,0.30_1.00,56,0,0,0,0,0.00603042,0.00681784,0.00396999,0.00939495,0,0,0,0,0,0,0,0,0,0,0,0,0.0212092,0.0167572,0.0158257,0.0148651,0.00423544,0.0166317,0.00202561,0.0143581,0,0,0,0,0,0,0,0,0,0,0,0,0.027544,0.0185533,0.0228182,0.0232866,0,0,0,0,0.00338559,0.00553781,0.00492156,0.0073613,0.00206747,0.00263043,0.00360808,0.00349913,0.00315774,0.00378424,0.00534371,0.0021056,0.00308393,0.00516747,0.0038709,0.00364558,0.000137288,0.000167978,0.000356912,5.17651e-05,0.0156726,0.0116529,0.0127402,0.0103554,0.0046468,0.0051091,0.010828,0.0102332,0.000836019,8.63006e-05,0.00035405,0.00196507,0.000154956,4.69007e-05,0.000491103,0.000502099,0.00703626,0.00383853,0.00348621,0.00263968,0.0230019,0.0172459,0.0159885,0.0167744,0.00052118,0.000186845,0.00032706,3.29256e-05,0.00299471,0.00496785,0.00363208,0.00481755,0.00463219,0.00548892,0.00687159,0.00777681,0.00218669,0.0020467,0.00224379,0.00159754,0.00205567,0.00365362,0.0018758,0.00424231,0.000183752,0.000378618,0.00032094,0.000632454,0.0108437,0.0101743,0.00965894,0.00845544,0.006052,0.0050978,0.0273897,0.0166981,0.000128135,0.000491993,0.00370928,0.000713414,0.000542488,0.000132733,0.0025551,0.000251727,0.00263091,0.00133009,0.00220139,0.00210812,0.0123022,0.0125703,0.0108199,0.0107188,0.000404331,0.000153528,0.000484807,0.000415339,0.00223807,0.00405898,0.00247376,0.00453442,0.00388037,0.00677108,0.00437011,0.00440978,0.00443131,0.00407398,0.0056152,0.00280158,0.0040455,0.00395631,0.00333496,0.00364357,0.000288869,0.000311857,3.5183e-05,3.63926e-05,0.0196922,0.0167469,0.0130476,0.0124056,0.0163852,0.019698,0.0147708,0.018939,0.00130087,0.00173918,0.000863069,0.002278,0.00189153,0.000718709,0.000764109,0.000947985,0.00312487,0.00581643,0.00397515,0.00220362,0.025818,0.0200036,0.023849,0.0197088,0.000109901,0.000435363,0.000661487,0.000197922
cytb,pastml,0.00_0.30,1234,0,0,0,0,0.0092027,0.00340643,0.00353328,0.00830559,0,0,0,0,0,0,0,0,0,0,0,0,0.00511927,0.014692,0.000426241,0.0441659,0.0506755,0.0456827,0.0245671,0.0434936,0,0,0,0,0,0,0,0,0,0,0,0,0.0115453,0.11286,1.02864e-05,0.0596218,0,0,0,0,6.64119e-05,2.76675e-05,4.42742e-06,0,0,0.000130837,0,0,4.50516e-05,3.14305e-06,2.33546e-06,0,0.000498922,0,4.10039e-06,2.2662e-05,0,0,0,0,0.000381829,0.000237953,3.20213e-05,0.0430868,0,0.000279548,0,0,0,0,0,0,0,0,0,0,0.00045338,0,4.10039e-06,0,0.00161112,0.00104046,7.97096e-05,0.076572,0,0,0,0,0,0,0,0,0.00621858,1.31147e-05,0.00498085,0.00101915,0,0,0,0,0,0,0,0,0,0,0,0,0,0.00640545,0,0.0061975,0.0650502,0.00207951,0.0336252,0.00641862,0,0,0,0,0,0,0,0,0,0,0,0,6.89135e-05,0.035421,0,0.0161623,0,0,0,0,0.000316344,0,8.47748e-05,0,0.00121455,0.00188503,0.00692983,0.0033053,0.00079692,0,8.26912e-05,0,0.000222736,8.57849e-06,0.000120843,0,3.09179e-05,0,0,0,0.0157142,0.000903047,0.0388482,0.0182388,0.00395209,0.0276176,0.0229721,0.0368938,0,0,5.22463e-05,0,0,0,9.38865e-05,0,0.000385477,0,0.000192214,2.93648e-05,0.0125595,0.00174127,0.0247846,0.0344366,3.39502e-05,0,0,0
cytb,pastml,0.00_0.30,56,0,0,0,0,0.000455706,0.00380036,0.000401199,0.00303713,0,0,0,0,0,0,0,0,0,0,0,0,0.0444575,0.019586,0.0230919,0.0200789,0.00536321,0.0130334,0.00665379,0.0131177,0,0,0,0,0,0,0,0,0,0,0,0,0.0331219,0.0205373,0.0221818,0.0208206,0,0,0,0,0.00383271,0.00289746,0.00237996,0.00270764,0.00219013,0.00176334,0.00484156,0.00369339,0.00288086,0.00122781,0.00210727,0.00134705,0.00278367,0.00191241,0.00281965,0.00257504,0.000359881,9.84432e-05,0.000132318,0.000104585,0.0282855,0.0164094,0.013348,0.0118972,0.00629681,0.00533987,0.0132045,0.0148315,0.000211435,0.00033562,0.000365602,0.000558532,0.000221192,0.000226732,0.000244711,0.000238678,0.00180234,0.00110301,0.00222294,0.00150077,0.0238786,0.0177335,0.0136678,0.0171787,6.23675e-05,0.000100357,0.000158491,5.72393e-05,0.00116985,0.00233288,0.00202764,0.00296154,0.00212761,0.00196626,0.0147545,0.00936107,0.000693128,0.000763642,0.00174795,0.000991768,0.00164103,0.00279034,0.00187909,0.00337524,0.000177655,0.000366959,0.00102576,0.000793186,0.00723898,0.00989034,0.00763833,0.00828707,0.00800106,0.0114785,0.0219785,0.0250667,0.000506739,0.000673565,0.000828711,0.000941894,0.000329172,0.000162313,0.000922245,0.000431202,0.00124629,0.00170619,0.0019248,0.00162643,0.0110081,0.0151106,0.00815516,0.0107842,9.2659e-05,0.000201269,0.00104852,0.000357206,0.00265344,0.00288246,0.00142633,0.00148425,0.00655052,0.00753179,0.00639627,0.00506587,0.00204104,0.00205372,0.00107119,0.000647631,0.00253547,0.00271611,0.00151113,0.0015554,0.00027862,0.000444996,0.000105635,0.000159257,0.0291442,0.025562,0.0213754,0.0119712,0.0148884,0.0172624,0.0164919,0.0146316,0.000564056,0.000914694,0.000234125,0.000459425,0.000655927,0.000560674,0.000258578,0.000402077,0.00181585,0.00271222,0.00220727,0.00147938,0.0280913,0.0240165,0.0229461,0.0171811,0.00018565,0.000183979,9.40648e-05,0.000140296
cytb,pastml,0.30_1.00,1234,0,0,0,0,0.0236978,0.0154018,0.0141106,0.0187926,0,0,0,0,0,0,0,0,0,0,0,0,0.0156996,0.0450668,0.000147329,0.0590959,0.0279272,0.00751475,0.00870551,0.0154536,0,0,0,0,0,0,0,0,0,0,0,0,0.0133101,0.0342135,0.000190608,0.052088,0,0,0,0,0.000554111,0,0,0,0.000251686,0,0,0,0.00133933,0,0,0,0.00708808,0.000142747,0,0,0,0,0,0,0.00717698,0.00139604,0,0.0587683,0,0.000489716,0,0,0,0,0,0,0,0,0,0,0.000610623,0.000142747,0,0,0.00173839,0.000462079,0,0.0847027,0,0,0,0,0,0,0,0,0.0154291,0.00411104,0.0159837,0.00761122,0,0,0,0,0,0,0,0,0,0,0,0,0,0.023825,0,0.0114009,0.0150938,0.00052958,0.0137557,0.0038454,0,0,0,0,0,0,0,0,0,0,0,0,0,0.014441,0,0.00617177,0,0,0,0,0.00106871,0,0.000803584,0,0.00544139,0.0146044,0.0167467,0.0211811,0.00262707,0,0.00126403,0.00010823,0.000352319,0,0,0.000348664,0,0,0,0,0.0276358,0.000983287,0.0662077,0.0257866,0.00101792,0.00773576,0.0129686,0.0124732,0,0,9.36468e-05,0,0.000211945,0,0.000258738,0,0.0012671,0.000150966,0.000212561,0.000129121,0.0290652,0.00145068,0.0666613,0.0325343,0.00013186,0,0,0
cytb,pastml,0.30_1.00,56,0,0,0,0,0.00661911,0.00642471,0.00365435,0.00999399,0,0,0,0,0,0,0,0,0,0,0,0,0.0185198,0.0145041,0.0168593,0.0141399,0.0044502,0.0141244,0.00189203,0.011643,0,0,0,0,0,0,0,0,0,0,0,0,0.0268904,0.0224524,0.0229062,0.0238413,0,0,0,0,0.00432822,0.00638229,0.00429201,0.00785359,0.00220392,0.00258341,0.0032072,0.00332243,0.00279071,0.002737,0.00217587,0.00144647,0.0069605,0.00730306,0.00769119,0.00660567,0.000142062,0.000130234,0.00037707,6.53121e-05,0.0168133,0.0104038,0.0150043,0.0100261,0.00576731,0.00494331,0.0126845,0.0124392,0.000742833,0.000198519,0.00030187,0.00126407,0.000206842,7.05891e-05,0.000334566,0.000285088,0.00468456,0.0023143,0.0043091,0.00310712,0.0233345,0.020427,0.0156955,0.0189052,0.00036155,0.00021265,0.000309362,4.24342e-05,0.00369725,0.00386104,0.00235158,0.00538366,0.00433995,0.0047642,0.00663089,0.00720069,0.00188472,0.0012159,0.00102702,0.000904773,0.00343631,0.00795202,0.00272293,0.00908038,0.000220641,0.000353631,0.000532779,0.000770737,0.0112641,0.00923398,0.0101154,0.00823881,0.00500964,0.00496899,0.0240536,0.0145687,2.78998e-05,0.000303674,0.00141054,0.000644045,7.72523e-05,5.29653e-05,0.00104032,0.000287198,0.00189556,0.00115111,0.00140144,0.00262707,0.0152437,0.0161799,0.0108713,0.012609,0.000368188,0.000132212,0.000586882,0.000297659,0.00308123,0.00566307,0.00154308,0.00333798,0.00348778,0.00599831,0.00373928,0.00421153,0.00287491,0.00375753,0.00215069,0.00201189,0.00591485,0.00746638,0.00427207,0.00675304,0.000548947,0.000332224,5.70451e-05,0.000124015,0.0200563,0.0156608,0.0176958,0.0119857,0.0148654,0.0188709,0.0151335,0.0152111,0.000399977,0.000737206,0.000350917,0.000806344,0.000929724,0.000452545,0.000144233,0.000185468,0.00360231,0.00366563,0.00323061,0.00249302,0.0235161,0.0214521,0.0198498,0.0206281,0.00016681,0.000238596,0.000500618,0.000149622
nd1,RY10.12,0.00_0.30,1234,0,0,0,0,0.00414023,0.00752444,0.00851927,0.00314995,0,0,0,0,0,0,0,0,0,0,0,0,0.000655329,0.00135345,0.000614766,0.12425,0.011939,0.0363345,0.0329831,0.00723364,0,0,0,0,0,0,0,0,0,0,0,0,0.00522697,0.00131176,0.00118521,0.162721,0,0,0,0,0,0,0,0,0,0,0,0,0,0,0,0,0,0,0,0,0,0,0,0,0,0,0,0.110325,0,0,0,0,0,0,0,0,0,0,0,0,0,0,0,0,0,0,0,0.159432,0,0,0,0,0,0,0,0,0.000487535,0.0018643,0.000772125,0.0140535,0,0,0,0,0,0,0,0,0,0,0,0,0,0,0,0.00484933,0.00735698,0.0208459,0.00248852,0.0387847,0,0,0,0,0,0,0,0,0,0,0,0,0,0,0,0.00500207,0,0,0,0,0,0,0,0.00170103,0.00836135,0,0,0.0151487,0.0002057,0,0,0.000461488,0,0,0,0.00100054,0,0.000287853,0,0,0.00781365,0.00192002,0,0.0546218,0.0417548,0,0,0.0294237,0.000310824,0,0,0,0.00027489,0,0,0,0.000452746,0,0,0,0.00372078,0.000452616,0,0.0566699,1.30269e-05,0,0,0
nd1,RY10.12,0.00_0.30,56,0,0,0,0,0.00287721,0.00357785,0.00216542,0.00665927,0,0,0,0,0,0,0,0,0,0,0,0,0.0178989,0.0160803,0.0206958,0.0138804,0.0101576,0.0132014,0.00655558,0.0150857,0,0,0,0,0,0,0,0,0,0,0,0,0.0224524,0.016913,0.0214881,0.016254,0,0,0,0,0.00339338,0.00350018,0.00209895,0.00277339,0.0057019,0.00704303,0.0065654,0.00638858,0.00308835,0.00237748,0.00182075,0.00180917,0.00260143,0.00303017,0.0018171,0.00194881,0.000194814,0.000385976,0.000186666,0.000167418,0.0314399,0.0279195,0.0177175,0.0118649,0.0156191,0.0170085,0.0176092,0.0154274,0.000621549,0.000846899,0.000489997,0.00066624,0.000674166,0.000646268,0.000511927,0.000510924,0.0025579,0.00156955,0.00163483,0.00176342,0.028575,0.0213078,0.018969,0.0181438,0.000113089,0.000185613,0.000162116,7.1921e-05,0.00072,0.0020494,0.000614212,0.00223982,0.00210393,0.0031806,0.00689619,0.00658108,0.000615982,0.00101538,0.00072848,0.00117254,0.000564608,0.00136104,0.000998276,0.00193398,5.91354e-05,0.000235816,0.000121308,0.000334074,0.00703632,0.00735071,0.00326984,0.00692106,0.0101817,0.0136096,0.016253,0.0151584,0.00036336,0.000602459,0.000207154,0.000782114,0.000429031,0.000367936,0.000422449,0.000272454,0.000713104,0.00122564,0.000758007,0.00130032,0.00984575,0.0135145,0.00439782,0.0129674,6.14481e-05,0.000191278,0.000211523,0.000344737,0.00207105,0.00215997,0.000781373,0.00159026,0.0106154,0.0124419,0.00769856,0.0123162,0.00221215,0.00173055,0.00122903,0.00137762,0.00175841,0.0016418,0.00107248,0.00185589,0.000202561,0.0002736,0.000148508,0.000238594,0.0275064,0.0234351,0.0162083,0.0111577,0.0210756,0.0226042,0.0184988,0.0212396,0.000457875,0.000693443,0.000258937,0.000575034,0.000781824,0.000649602,0.000343163,0.00034758,0.00159167,0.00114142,0.00114978,0.00184463,0.0274543,0.0234773,0.0175245,0.0162909,0.000138851,0.000159763,8.10061e-05,0.000147833
nd1,RY10.12,0.30_1.00,1234,0,0,0,0,0.0167407,0.0483895,0.0415407,0.00724458,0,0,0,0,0,0,0,0,0,0,0,0,0.0093094,0.00105039,0.000429333,0.181573,0.00304969,0.0125716,0.00628984,0.00223236,0,0,0,0,0,0,0,0,0,0,0,0,0.00113325,0.000688287,0,0.0711658,0,0,0,0,0,0,0,0,0,0,0,0,0,0,0,0,0,0,0,0,0,0,0,0,0,0,0,0.195613,0,0,0,0,0,0,0,0,0,0,0,0,0,0,0,0,0,0,0,0.0773021,0,0,0,0,0,0,0,0,0.0145005,0.0301039,0.00457696,0.0314709,0,0,0,0,0,0,0,0,0,0,0,0,0,0,0,0.00261807,0.00105943,0.00139847,0,0.0160457,0,0,0,0,0,0,0,0,0,0,0,0,0,0,0,0.00186902,0,0,0,0,0.000740192,0,0,0.0048702,0.0274139,0,0,0.0372938,0.00258038,0,0,0.00170194,0,0.000370096,0,0.00206956,0,0,0,0,0.00125627,0,0,0.0787874,0.00819476,0,0,0.00619853,0,0,0,0.000148451,0,0,0,0,0,0.000370096,0,0,0.00733911,0.00172733,0,0.0382313,0,0.000740192,0,0
nd1,RY10.12,0.30_1.00,56,0,0,0,0,0.00527564,0.00832063,0.00619094,0.00929889,0,0,0,0,0,0,0,0,0,0,0,0,0.0183453,0.0161107,0.016694,0.0140951,0.00957738,0.0102305,0.00734712,0.0181236,0,0,0,0,0,0,0,0,0,0,0,0,0.0293683,0.0215627,0.0282704,0.0204553,0,0,0,0,0.00268926,0.00368048,0.0030863,0.00721773,0.00395758,0.00633928,0.0049687,0.00388428,0.00659315,0.00500577,0.00442518,0.00367314,0.00726369,0.00869526,0.00504443,0.00559893,0.000111075,0.000284866,0.00011473,8.31799e-05,0.0188684,0.0110209,0.0138623,0.0119671,0.00523564,0.00772444,0.00668496,0.00578115,8.77701e-05,0.00025393,0,0.000210663,0.000181164,0.000260745,0.000146741,0.00015919,0.00333241,0.00210868,0.00139976,0.00136149,0.0233788,0.0197237,0.017436,0.0173062,0.000102638,0.00027365,0.00021814,8.13337e-05,0.00169582,0.00316222,0.00232609,0.00498102,0.00358488,0.00781942,0.00696333,0.00840161,0.00215236,0.0013249,0.00366288,0.00164005,0.00194018,0.00469606,0.00050344,0.00422621,0.00022698,0.000256042,0.000204895,0.000747362,0.0123829,0.0106038,0.00606722,0.00775759,0.00507804,0.00453795,0.0183137,0.011652,0.000186082,7.24636e-05,0.000442297,0.000248757,6.2105e-05,8.40136e-05,0.000593364,8.01299e-05,0.00061365,0.000380445,0.000341342,0.000762123,0.0112457,0.00950276,0.00638691,0.0121724,0,3.92507e-05,0.000107185,5.09813e-05,0.00250773,0.00413299,0.00174277,0.0034277,0.00619979,0.00827672,0.00804563,0.00800744,0.005396,0.00341414,0.00609836,0.00268875,0.00407093,0.00494923,0.00270461,0.00588371,0.000170529,0.000348994,0.000156591,0.000275338,0.0207565,0.0165941,0.016235,0.0144579,0.0127475,0.0216874,0.0170963,0.0170608,0.000164888,0.000963175,0.000467555,0.00021568,0.000286504,0.000654742,0.000350142,0.000517814,0.00288707,0.00253575,0.00306727,0.00256779,0.0317466,0.0253721,0.0210461,0.0198429,0.000296731,0.000132302,0.000208741,0.000110035
nd1,gtr,0.00_0.30,1234,0,0,0,0,0.00486071,0.00701381,0.00804715,0.00324624,0,0,0,0,0,0,0,0,0,0,0,0,0.000546598,0.000926747,0.000613884,0.126288,0.0102837,0.0350699,0.031895,0.00514722,0,0,0,0,0,0,0,0,0,0,0,0,0.00436239,0.00132976,0.00112252,0.158633,0,0,0,0,0,0,0,0,0,0,0,0,0,0,0,0,0,0,0,0,0,0,0,0,0,0,0,0.109409,0,0,0,0,0,0,0,0,0,0,0,0,0,0,0,0,0,0,0,0.156579,0,0,0,0,0,0,0,0,0.000155555,0.00181287,0.00060976,0.0145179,0,0,0,0,0,0,0,0,0,0,0,0,0,0,0,0.00547468,0.0083425,0.0212362,0.0026237,0.0379618,0,0,0,0,0,0,0,0,0,0,0,0,0,0,0,0.00487635,0,0,0,0,2.51142e-05,0,0,0.000646996,0.0103929,0,0,0.0156696,0.000271363,0,0,0,0,0.00028885,0,0.000758821,0,0.00028885,0,1.57019e-05,0.00758497,0.00168998,0,0.0579839,0.0490984,0,0,0.0291855,0.000310652,0,0,0.000998355,0.00075164,0,0,0,0.000265523,0,0,0,0.00381334,0.000215763,0,0.0567243,3.34189e-05,0,0,0
nd1,gtr,0.00_0.30,56,0,0,0,0,0.00221313,0.00278408,0.00167785,0.00538303,0,0,0,0,0,0,0,0,0,0,0,0,0.0178308,0.0156818,0.0221436,0.0139008,0.00933252,0.0123655,0.00594294,0.0142118,0,0,0,0,0,0,0,0,0,0,0,0,0.0226979,0.0160862,0.0212114,0.0161551,0,0,0,0,0.00320041,0.00332123,0.00188349,0.00261234,0.00605159,0.00709926,0.00651339,0.00665046,0.00319295,0.00239585,0.00173311,0.00180672,0.00193442,0.00218322,0.00177335,0.00168569,0.000186974,0.00039287,0.000211933,0.000192256,0.0316936,0.0266043,0.0177716,0.0115082,0.0169446,0.017317,0.0169222,0.0155692,0.00147036,0.00152421,0.000812994,0.00151927,0.001475,0.00110711,0.000890914,0.000835211,0.00206197,0.00175313,0.00176725,0.00256364,0.028977,0.0210372,0.0192083,0.0182879,0.000163014,0.000201994,0.00059527,0.000109336,0.00067723,0.00214062,0.000641102,0.00197277,0.00222471,0.00318172,0.00709226,0.00713522,0.000615122,0.00112937,0.000841838,0.00104739,0.000547187,0.0013511,0.00100838,0.00175169,5.20445e-05,0.000240752,0.000138699,0.000367935,0.00704803,0.00768972,0.00320184,0.00649005,0.00952581,0.0128504,0.0162767,0.0148392,0.000414868,0.000832845,0.000466274,0.00114731,0.000541772,0.000437453,0.000530955,0.000448826,0.000784837,0.00130791,0.000994947,0.00143283,0.00969238,0.0136211,0.00418427,0.0119552,7.94135e-05,0.000168902,0.000205833,0.000400668,0.00214522,0.00208539,0.000762498,0.00151793,0.0108498,0.0128247,0.00771153,0.0119608,0.00202521,0.00173155,0.000941158,0.00137339,0.00163939,0.00145419,0.000979774,0.00168702,0.000192609,0.000303453,0.000121721,0.000262107,0.0272729,0.023052,0.0157909,0.0115144,0.0208403,0.0229265,0.0182405,0.0213314,0.000696984,0.00115699,0.000501119,0.001252,0.0012783,0.00115531,0.000535304,0.000604137,0.00197772,0.00134235,0.00130265,0.00212231,0.0278819,0.0234444,0.0169309,0.0164264,0.000208945,0.000216655,0.00016062,0.000207468
nd1,gtr,0.30_1.00,1234,0,0,0,0,0.0167666,0.049021,0.0410292,0.00722771,0,0,0,0,0,0,0,0,0,0,0,0,0.00856199,0.00126408,0.000432485,0.182149,0.00274494,0.0129064,0.00654365,0.00257089,0,0,0,0,0,0,0,0,0,0,0,0,0.0011268,0.000683645,0,0.0715743,0,0,0,0,0,0,0,0,0,0,0,0,0,0,0,0,0,0,0,0,0,0,0,0,0,0,0,0.201489,0,0,0,0,0,0,0,0,0,0,0,0,0,0,0,0,0,0,0,0.0741527,0,0,0,0,0,0,0,0,0.0146064,0.0301912,0.00456235,0.0321466,0,0,0,0,0,0,0,0,0,0,0,0,0,0,0,0.00260714,0.00105408,0.00139749,0,0.0158858,0,0,0,0,0,0,0,0,0,0,0,0,0,0,0,0.00185756,0,0,0,0,0.000737463,0,0,0.00542566,0.0270379,0,0,0.0370094,0.00207242,0,0,0.00184598,0,0,0,0.00164484,0,0,0,0,0.0012482,0,0,0.0788335,0.00783746,0,0,0.00692923,0,0,0,0.000204115,0,0,0,0,0,0.000737463,0,0,0.00607658,0.00160409,0,0.0354652,0,0.000737463,0,0
nd1,gtr,0.30_1.00,56,0,0,0,0,0.00605258,0.00859501,0.00653431,0.0100938,0,0,0,0,0,0,0,0,0,0,0,0,0.0203387,0.0165464,0.0179294,0.0148443,0.00772307,0.010251,0.00639434,0.0158484,0,0,0,0,0,0,0,0,0,0,0,0,0.0293863,0.0206823,0.0293482,0.020279,0,0,0,0,0.002701,0.003968,0.00250807,0.00703372,0.003883,0.00622602,0.00506415,0.00392855,0.00469778,0.00483318,0.004535,0.00255398,0.00422546,0.0043782,0.00286803,0.00411236,0.000110397,0.000202194,0.000104795,8.0859e-05,0.018936,0.0117644,0.0138823,0.0123662,0.00521186,0.00747414,0.00643757,0.00604509,8.84581e-05,0.000493884,5.34408e-05,0.000298385,0.000195503,0.000283741,0.000187146,0.000253385,0.00502829,0.00410238,0.00316516,0.00228571,0.0239106,0.0197454,0.0169715,0.0171472,0.000116841,0.000362634,0.000231098,0.00010494,0.0020996,0.00316124,0.00227793,0.00453604,0.00409133,0.00799631,0.00735988,0.00786929,0.00211699,0.00119316,0.00222347,0.00148998,0.000953027,0.00268702,0.000358762,0.00323459,0.000258111,0.000246589,0.000192191,0.00104938,0.0130595,0.0110808,0.00668727,0.00776099,0.0049828,0.00437445,0.0167135,0.0146062,0,7.17653e-05,0.000584818,0.00254104,0.000318943,0.000114372,0.00075174,0.000230531,0.000734482,0.00131673,0.000785896,0.00159546,0.0105766,0.00968616,0.00669841,0.0124533,0,0.00014514,0.000194935,0.000180027,0.00234,0.00411007,0.00157202,0.00365078,0.00715587,0.00941045,0.00814928,0.00870019,0.00460645,0.00310487,0.00582748,0.00211316,0.00253564,0.00302218,0.00161425,0.00499331,0.000159269,0.000327783,0.000152426,0.000269536,0.0229544,0.0180448,0.0173032,0.0147275,0.0117959,0.0209701,0.0158353,0.0160448,0.000216718,0.00148202,0.000848323,0.00102988,0.000508402,0.000857279,0.000341424,0.000608569,0.00488253,0.00431896,0.00444713,0.00345971,0.0303403,0.0244629,0.0213667,0.0189011,0.000299102,0.000145143,0.00022947,0.000117172
nd1,pastml,0.00_0.30,1234,0,0,0,0,0.00310238,0.00679161,0.00876872,0.00126782,0,0,0,0,0,0,0,0,0,0,0,0,0.000346221,0.00021205,0.000449815,0.0871531,0.0278516,0.0881024,0.0700126,0.00526129,0,0,0,0,0,0,0,0,0,0,0,0,0.00236953,0.000347626,0.000961501,0.113178,0,0,0,0,0,0,0,0,0,0,0,0,0,0,0,0,0,0,0,0,0,0,0,0,0,0,0,0.0690043,0,0,0,0,0,0,0,0,0,0,0,0,0,0,0,0,0,0,0,0.11983,0,0,0,0,0,0,0,0,0.00010183,0.0011658,0.000249839,0.00860166,0,0,0,0,0,0,0,0,0,0,0,0,0,0,0,0.00209446,0.0175268,0.0572683,0.00332279,0.0469605,0,0,0,0,0,0,0,0,0,0,0,0,0,0,0,0.0037196,0,0,0,0,7.16924e-06,0,0,0.000756688,0.00615254,0,0,0.0197539,7.61097e-05,0,0,0,0.000488019,0,0,0.00122964,2.69871e-06,0,0,0,0.00268733,0,0,0.0324363,0.0358813,0,0,0.108753,0,0,0,2.35664e-05,0,0,0,0,0.000630423,0.000163319,0,0.000172682,0.00121752,0.000678039,0,0.0426799,6.46187e-05,0.000122489,0,0
nd1,pastml,0.00_0.30,56,0,0,0,0,0.00298302,0.00393895,0.00107982,0.00894269,0,0,0,0,0,0,0,0,0,0,0,0,0.0268568,0.0207147,0.0320612,0.0171701,0.0109403,0.017345,0.00903096,0.0195177,0,0,0,0,0,0,0,0,0,0,0,0,0.0255364,0.0210502,0.0310548,0.0196789,0,0,0,0,0.00394151,0.00407157,0.00229438,0.00258104,0.00209296,0.00380721,0.00365874,0.00311614,0.00330023,0.00214472,0.00173246,0.00111978,0.00286834,0.00346699,0.00240659,0.00198325,9.94765e-05,0.000248113,0.000170765,8.70007e-05,0.0284298,0.0211142,0.0151353,0.00958776,0.00720875,0.0101513,0.0127608,0.0116185,0.000406146,0.000709684,0.000319756,0.000544624,0.000374321,0.000377725,0.00027094,0.000306396,0.00238121,0.00148073,0.00201714,0.00202357,0.0262652,0.0193342,0.0172269,0.016227,0.000105242,0.000105701,0.000100435,2.93449e-05,0.000603713,0.00199614,0.000505818,0.00246046,0.00148168,0.00307056,0.0058366,0.00673009,0.000424232,0.000591306,0.000651268,0.000790214,0.000816751,0.00190996,0.000822366,0.00279005,7.80228e-05,0.000336825,0.00019714,0.000766654,0.00757138,0.00680876,0.00351969,0.00658361,0.00883681,0.0160254,0.0152938,0.0151693,0.000319605,0.000624844,0.000193105,0.00113417,0.00037794,0.000241439,0.000423986,0.000312538,0.00083026,0.00118048,0.00147383,0.00105924,0.00950934,0.0139102,0.00369091,0.0110183,8.48976e-05,0.000156425,0.000203678,0.000314997,0.00217064,0.00201476,0.00117083,0.00141966,0.0078958,0.010024,0.00925567,0.0110907,0.00175693,0.00144743,0.00142735,0.000950362,0.00219243,0.0022087,0.00144382,0.00246382,0.000117855,0.000260128,0.000119208,0.000266631,0.030686,0.0228048,0.0210572,0.0102282,0.018445,0.0202558,0.0184452,0.0198529,0.000363467,0.000614377,0.000212415,0.000509503,0.000757585,0.00062074,0.000182688,0.000269641,0.00216383,0.00140259,0.00188592,0.00197678,0.0304599,0.0217723,0.0196057,0.015753,0.000138181,0.000122037,0.000114399,0.000169247
nd1,pastml,0.30_1.00,1234,0,0,0,0,0.0168537,0.0415728,0.0357451,0.00572109,0,0,0,0,0,0,0,0,0,0,0,0,0.00921994,0.00175628,0.000744337,0.132968,0.00464298,0.0245741,0.0128451,0.00413488,0,0,0,0,0,0,0,0,0,0,0,0,0.00122183,0.000489129,0,0.127608,0,0,0,0,0,0,0,0,0,0,0,0,0,0,0,0,0,0,0,0,0,0,0,0,0,0,0,0.142474,0,0,0,0,0,0,0,0,0,0,0,0,0,0,0,0,0,0,0,0.115105,0,0,0,0,0,0,0,0,0.0151234,0.0270983,0.00385078,0.0340316,0,0,0,0,0,0,0,0,0,0,0,0,0,0,0,0.00264703,0.00147717,0.00540778,0.000629723,0.0175102,0,0,0,0,0,0,0,0,0,0,0,0,0,0,0,0.00357324,0,0,0,0,0.000275496,0,0,0.0053909,0.0218873,0,0,0.0273488,0.00193432,0,0,0.00198395,0,0.000629723,0,0.00224568,0,0.000629723,0,0,0.00233565,0.00069862,0,0.0515155,0.0185717,0,0,0.0108358,0,0,0,0,0,0,0,0,0.000143068,0,0,0,0.0103059,0,0,0.0542412,0,0,0,0
nd1,pastml,0.30_1.00,56,0,0,0,0,0.00644271,0.00605884,0.0055271,0.00851926,0,0,0,0,0,0,0,0,0,0,0,0,0.019819,0.0160154,0.0207838,0.0122693,0.00825524,0.01168,0.0082758,0.0134946,0,0,0,0,0,0,0,0,0,0,0,0,0.0246539,0.0274539,0.0234812,0.0225881,0,0,0,0,0.00530645,0.00637558,0.00341185,0.00798719,0.0026206,0.00323265,0.00338558,0.00288053,0.00405562,0.00210337,0.00242048,0.00163672,0.00811364,0.0077377,0.00604347,0.00705152,7.00873e-05,0.000169062,9.4942e-05,0.000333331,0.0173764,0.00890854,0.0159108,0.00984068,0.00706533,0.00866256,0.0102975,0.00700178,0.000244111,0.000411142,3.99739e-05,0.000313153,0.000252333,0.000497167,0.000241817,0.00032332,0.00482136,0.0033811,0.00325265,0.00240428,0.0235711,0.0228041,0.0201395,0.0180772,7.81172e-05,0.000364184,0.000231075,7.66805e-05,0.00311436,0.00524038,0.00142072,0.00461105,0.00362402,0.00674086,0.00594335,0.00709323,0.00165172,0.000845656,0.00156095,0.000852175,0.00297513,0.00564623,0.00178282,0.00616997,0.00015215,0.000677446,0.000143014,0.000751163,0.0140085,0.0111481,0.00733558,0.00760993,0.00595462,0.00535293,0.0143711,0.0136918,0.000408583,0.00021271,0.00013533,0.00109226,0.000247134,7.28318e-05,0.000449619,0.000230843,0.00114516,0.0012798,0.00129875,0.000979806,0.0134705,0.0121454,0.00675838,0.0138935,2.15349e-05,0.000117251,0.000189762,7.24484e-05,0.00351895,0.00368312,0.00110819,0.00293194,0.00381293,0.00693904,0.00413452,0.00579704,0.00376434,0.0021971,0.00168626,0.00161064,0.00491792,0.00562375,0.00284565,0.00840091,0.000165703,0.00032583,0.000165574,0.000228427,0.0219015,0.0151428,0.0207827,0.0120897,0.0180249,0.0204455,0.0192632,0.0199814,0.000167273,0.000698721,0.000539889,0.000281378,0.0002767,0.000761067,0.000207659,0.000211825,0.00431136,0.00242164,0.00436227,0.00207917,0.0199479,0.0220103,0.018168,0.0195018,0.000226456,0.000200929,0.000386251,0.000123
