Mut	ObsNum	ExpNum	MutSpec	RefNode	AltNode
A>C	2.38146	74.1128	0.41362	Node2	Node50
A>T	1.70986	74.1128	0.296975	Node2	Node50
C>A	0.328794	28.679	0.147575	Node2	Node50
C>T	0.315996	28.679	0.14183	Node2	Node50
G>A	0	0.698843	0	Node2	Node50
T>C	0	8.09395	0	Node2	Node50
C>G	0	28.679	0	Node2	Node50
G>T	0	0.698843	0	Node2	Node50
T>A	0	8.09395	0	Node2	Node50
T>G	0	8.09395	0	Node2	Node50
G>C	0	0.698843	0	Node2	Node50
A>G	0	74.1128	0	Node2	Node50
A>C	7.76042	74.1129	0.0785163	Node3	RN_30
A>G	7.91101	74.1129	0.0800399	Node3	RN_30
A>T	2.03224	74.1129	0.0205613	Node3	RN_30
C>A	6.45727	28.679	0.168831	Node3	RN_30
C>T	6.89784	28.679	0.180351	Node3	RN_30
T>A	1.53779	8.09395	0.142464	Node3	RN_30
T>C	3.55385	8.09395	0.329236	Node3	RN_30
G>A	0	0.698843	0	Node3	RN_30
C>G	0	28.679	0	Node3	RN_30
G>T	0	0.698843	0	Node3	RN_30
T>G	0	8.09395	0	Node3	RN_30
G>C	0	0.698843	0	Node3	RN_30
A>C	3.78194	67.426	0.0456508	Node50	RN_49
A>G	4.96756	67.426	0.0599621	Node50	RN_49
A>T	3.46027	67.426	0.041768	Node50	RN_49
C>A	3.35532	43.7232	0.0624573	Node50	RN_49
C>T	16.4444	43.7232	0.306103	Node50	RN_49
G>A	0.379607	1.63864	0.188543	Node50	RN_49
T>A	0.339627	19.8307	0.0139388	Node50	RN_49
T>C	6.8608	19.8307	0.281577	Node50	RN_49
C>G	0	43.7232	0	Node50	RN_49
G>T	0	1.63864	0	Node50	RN_49
G>C	0	1.63864	0	Node50	RN_49
T>G	0	19.8307	0	Node50	RN_49
A>C	7.66317	67.426	0.0603449	Node50	RN_50
A>G	5.39151	67.426	0.0424563	Node50	RN_50
A>T	4.38635	67.426	0.034541	Node50	RN_50
C>A	0.988022	43.7232	0.0119981	Node50	RN_50
C>G	1.05293	43.7232	0.0127864	Node50	RN_50
C>T	11.182	43.7232	0.13579	Node50	RN_50
G>A	1.25904	1.63864	0.407956	Node50	RN_50
T>C	10.9854	19.8307	0.294127	Node50	RN_50
G>T	0	1.63864	0	Node50	RN_50
T>A	0	19.8307	0	Node50	RN_50
G>C	0	1.63864	0	Node50	RN_50
T>G	0	19.8307	0	Node50	RN_50
A>C	11.0725	79.6541	0.110607	Node4	RN_37
A>G	2.01804	79.6541	0.0201589	Node4	RN_37
A>T	4.89968	79.6541	0.0489448	Node4	RN_37
C>A	2.43581	24.709	0.0784394	Node4	RN_37
C>G	1.27454	24.709	0.0410436	Node4	RN_37
C>T	6.18086	24.709	0.19904	Node4	RN_37
T>C	3.69938	6.34963	0.463582	Node4	RN_37
T>G	0.30471	6.34963	0.0381843	Node4	RN_37
G>A	0	0	0	Node4	RN_37
G>T	0	0	0	Node4	RN_37
T>A	0	6.34963	0	Node4	RN_37
G>C	0	0	0	Node4	RN_37
A>C	6.05578	80.4134	0.0604315	Node5	RN_34
A>G	1.40821	80.4134	0.0140527	Node5	RN_34
A>T	6.73532	80.4134	0.0672127	Node5	RN_34
C>A	5.8232	24.4055	0.191468	Node5	RN_34
C>G	0.399104	24.4055	0.0131226	Node5	RN_34
C>T	8.2864	24.4055	0.272458	Node5	RN_34
T>A	0.660365	6.02106	0.0880102	Node5	RN_34
T>C	2.2003	6.02106	0.293245	Node5	RN_34
G>A	0	0	0	Node5	RN_34
G>T	0	0	0	Node5	RN_34
G>C	0	0	0	Node5	RN_34
T>G	0	6.02106	0	Node5	RN_34
A>C	11.4994	81.0313	0.112007	Node45	RN_32
A>G	2.74248	81.0313	0.0267124	Node45	RN_32
A>T	5.61917	81.0313	0.0547319	Node45	RN_32
C>A	2.57965	26.5703	0.0766276	Node45	RN_32
C>G	0.448486	26.5703	0.0133221	Node45	RN_32
C>T	6.11281	26.5703	0.181579	Node45	RN_32
T>A	0.667752	8.87951	0.0593537	Node45	RN_32
T>C	5.35143	8.87951	0.475667	Node45	RN_32
G>A	0	0.355532	0	Node45	RN_32
G>T	0	0.355532	0	Node45	RN_32
G>C	0	0.355532	0	Node45	RN_32
T>G	0	8.87951	0	Node45	RN_32
A>C	9.65724	83.3975	0.132999	Node8	RN_6
A>G	2.81749	83.3975	0.0388024	Node8	RN_6
A>T	8.53924	83.3975	0.117602	Node8	RN_6
C>A	1.84829	15.0715	0.140852	Node8	RN_6
C>G	0.383307	15.0715	0.0292106	Node8	RN_6
C>T	5.27443	15.0715	0.401947	Node8	RN_6
T>C	0.310437	2.57279	0.138586	Node8	RN_6
G>A	0	0	0	Node8	RN_6
G>T	0	0	0	Node8	RN_6
T>A	0	2.57279	0	Node8	RN_6
T>G	0	2.57279	0	Node8	RN_6
G>C	0	0	0	Node8	RN_6
A>C	11.1945	73.5435	0.133459	Node46	RN_35
A>G	1.18138	73.5435	0.0140842	Node46	RN_35
A>T	10.5251	73.5435	0.125477	Node46	RN_35
C>A	2.43706	26.7383	0.0799129	Node46	RN_35
C>T	4.56245	26.7383	0.149606	Node46	RN_35
T>C	5.29133	9.32593	0.497461	Node46	RN_35
G>A	0	0	0	Node46	RN_35
C>G	0	26.7383	0	Node46	RN_35
G>T	0	0	0	Node46	RN_35
T>A	0	9.32593	0	Node46	RN_35
T>G	0	9.32593	0	Node46	RN_35
G>C	0	0	0	Node46	RN_35
A>C	4.81986	89.9298	0.0505289	Node42	RN_31
A>G	4.25843	89.9298	0.0446431	Node42	RN_31
A>T	6.93976	89.9298	0.0727529	Node42	RN_31
C>A	1.92357	28.9029	0.0627443	Node42	RN_31
C>T	14.7371	28.9029	0.480706	Node42	RN_31
T>C	4.30721	14.0692	0.288625	Node42	RN_31
G>A	0	0	0	Node42	RN_31
C>G	0	28.9029	0	Node42	RN_31
G>T	0	0	0	Node42	RN_31
T>A	0	14.0692	0	Node42	RN_31
T>G	0	14.0692	0	Node42	RN_31
G>C	0	0	0	Node42	RN_31
A>C	8.62979	89.9298	0.0730838	Node42	RN_33
A>G	5.77428	89.9298	0.0489011	Node42	RN_33
A>T	9.83738	89.9298	0.0833106	Node42	RN_33
C>A	3.06981	28.9029	0.0808898	Node42	RN_33
C>G	0.364924	28.9029	0.00961578	Node42	RN_33
C>T	7.20812	28.9029	0.189935	Node42	RN_33
T>A	0.418053	14.0692	0.02263	Node42	RN_33
T>C	9.08215	14.0692	0.491634	Node42	RN_33
G>A	0	0	0	Node42	RN_33
G>T	0	0	0	Node42	RN_33
G>C	0	0	0	Node42	RN_33
T>G	0	14.0692	0	Node42	RN_33
A>C	6.3175	86.3193	0.0564295	Node43	RN_39
A>G	0.634704	86.3193	0.00566933	Node43	RN_39
A>T	8.08976	86.3193	0.0722597	Node43	RN_39
C>A	6.28333	20.9798	0.230917	Node43	RN_39
C>T	7.4024	20.9798	0.272044	Node43	RN_39
T>A	1.25099	6.5203	0.147929	Node43	RN_39
T>C	1.81608	6.5203	0.214752	Node43	RN_39
G>A	0	0	0	Node43	RN_39
C>G	0	20.9798	0	Node43	RN_39
G>T	0	0	0	Node43	RN_39
T>G	0	6.5203	0	Node43	RN_39
G>C	0	0	0	Node43	RN_39
A>C	11.0242	73.5767	0.121425	Node47	RN_36
A>G	3.18874	73.5767	0.0351218	Node47	RN_36
A>T	8.01255	73.5767	0.0882529	Node47	RN_36
C>A	3.54477	27.4007	0.104839	Node47	RN_36
C>T	8.67379	27.4007	0.256534	Node47	RN_36
T>C	4.18752	8.61689	0.393827	Node47	RN_36
G>A	0	0	0	Node47	RN_36
C>G	0	27.4007	0	Node47	RN_36
G>T	0	0	0	Node47	RN_36
T>A	0	8.61689	0	Node47	RN_36
T>G	0	8.61689	0	Node47	RN_36
G>C	0	0	0	Node47	RN_36
A>C	12.1109	84.0635	0.317262	Node10	Node11
A>G	1.78785	84.0635	0.0468353	Node10	Node11
A>T	4.5549	84.0635	0.119322	Node10	Node11
C>A	3.30926	18.7167	0.38936	Node10	Node11
C>G	0.423965	18.7167	0.0498827	Node10	Node11
C>T	0.657314	18.7167	0.077338	Node10	Node11
G>A	0	0	0	Node10	Node11
T>C	0	2.49912	0	Node10	Node11
G>T	0	0	0	Node10	Node11
T>A	0	2.49912	0	Node10	Node11
T>G	0	2.49912	0	Node10	Node11
G>C	0	0	0	Node10	Node11
A>C	5.47505	86.2912	0.0542695	Node44	RN_38
A>G	3.69008	86.2912	0.0365766	Node44	RN_38
A>T	10.4589	86.2912	0.10367	Node44	RN_38
C>A	2.08843	20.959	0.0852281	Node44	RN_38
C>T	8.83052	20.959	0.360371	Node44	RN_38
T>C	2.75177	6.54008	0.359885	Node44	RN_38
G>A	0	0	0	Node44	RN_38
C>G	0	20.959	0	Node44	RN_38
G>T	0	0	0	Node44	RN_38
T>A	0	6.54008	0	Node44	RN_38
T>G	0	6.54008	0	Node44	RN_38
G>C	0	0	0	Node44	RN_38
A>C	6.67964	86.2912	0.056341	Node44	RN_51
A>G	2.36145	86.2912	0.0199182	Node44	RN_51
A>T	8.32226	86.2912	0.0701961	Node44	RN_51
C>A	3.56287	20.959	0.123728	Node44	RN_51
C>T	7.40877	20.959	0.257284	Node44	RN_51
T>A	0.777812	6.54008	0.0865626	Node44	RN_51
T>C	3.46816	6.54008	0.385971	Node44	RN_51
G>A	0	0	0	Node44	RN_51
C>G	0	20.959	0	Node44	RN_51
G>T	0	0	0	Node44	RN_51
T>G	0	6.54008	0	Node44	RN_51
G>C	0	0	0	Node44	RN_51
A>C	10.691	75.8031	0.108933	Node48	RN_40
A>G	2.97835	75.8031	0.0303472	Node48	RN_40
A>T	5.20855	75.8031	0.0530713	Node48	RN_40
C>A	3.3799	27.9203	0.0935003	Node48	RN_40
C>T	4.70585	27.9203	0.130181	Node48	RN_40
T>C	5.19891	6.87628	0.583967	Node48	RN_40
G>A	0	0	0	Node48	RN_40
C>G	0	27.9203	0	Node48	RN_40
G>T	0	0	0	Node48	RN_40
T>A	0	6.87628	0	Node48	RN_40
T>G	0	6.87628	0	Node48	RN_40
G>C	0	0	0	Node48	RN_40
A>C	3.412	75.8031	0.164973	Node48	Node49
A>G	0.917049	75.8031	0.0443402	Node48	Node49
A>T	0.722906	75.8031	0.0349532	Node48	Node49
C>A	4.10066	27.9203	0.538302	Node48	Node49
C>T	0.404567	27.9203	0.0531083	Node48	Node49
T>C	0.30829	6.87628	0.164323	Node48	Node49
G>A	0	0	0	Node48	Node49
C>G	0	27.9203	0	Node48	Node49
G>T	0	0	0	Node48	Node49
T>A	0	6.87628	0	Node48	Node49
T>G	0	6.87628	0	Node48	Node49
G>C	0	0	0	Node48	Node49
A>G	0.364735	77.9269	0.0108662	Node11	RN_1
A>T	0.397234	77.9269	0.0118344	Node11	RN_1
C>G	0.607957	49.677	0.0284121	Node11	RN_1
C>T	6.75467	49.677	0.315671	Node11	RN_1
T>C	6.4381	23.6043	0.633216	Node11	RN_1
G>A	0	4.487	0	Node11	RN_1
G>T	0	4.487	0	Node11	RN_1
T>A	0	23.6043	0	Node11	RN_1
A>C	0	77.9269	0	Node11	RN_1
T>G	0	23.6043	0	Node11	RN_1
G>C	0	4.487	0	Node11	RN_1
C>A	0	49.677	0	Node11	RN_1
A>C	0.630608	77.9269	0.00880437	Node11	RN_43
A>G	1.48882	77.9269	0.0207864	Node11	RN_43
A>T	2.13499	77.9269	0.0298081	Node11	RN_43
C>A	1.31763	49.677	0.0288578	Node11	RN_43
C>G	0.580907	49.677	0.0127226	Node11	RN_43
C>T	18.8467	49.677	0.412768	Node11	RN_43
G>A	0.991379	4.487	0.240386	Node11	RN_43
T>C	5.33414	23.6043	0.245867	Node11	RN_43
G>T	0	4.487	0	Node11	RN_43
T>A	0	23.6043	0	Node11	RN_43
G>C	0	4.487	0	Node11	RN_43
T>G	0	23.6043	0	Node11	RN_43
A>C	2.06176	105.624	0.02426	Node12	Node13
A>G	0.338506	105.624	0.00398308	Node12	Node13
A>T	0.484846	105.624	0.00570502	Node12	Node13
C>A	1.22866	37.01	0.0412597	Node12	Node13
C>T	0.322089	37.01	0.0108161	Node12	Node13
G>A	1.0802	1.64483	0.816203	Node12	Node13
T>A	0.390504	14.1593	0.0342767	Node12	Node13
T>C	0.723392	14.1593	0.0634962	Node12	Node13
C>G	0	37.01	0	Node12	Node13
G>T	0	1.64483	0	Node12	Node13
G>C	0	1.64483	0	Node12	Node13
T>G	0	14.1593	0	Node12	Node13
A>C	0.941072	105.624	0.0125352	Node12	RN_18
A>G	2.64877	105.624	0.0352821	Node12	RN_18
A>T	1.16624	105.624	0.0155346	Node12	RN_18
C>A	0.340691	37.01	0.0129513	Node12	RN_18
C>T	7.17043	37.01	0.272582	Node12	RN_18
T>C	6.55279	14.1593	0.651114	Node12	RN_18
G>A	0	1.64483	0	Node12	RN_18
C>G	0	37.01	0	Node12	RN_18
G>T	0	1.64483	0	Node12	RN_18
T>A	0	14.1593	0	Node12	RN_18
T>G	0	14.1593	0	Node12	RN_18
G>C	0	1.64483	0	Node12	RN_18
A>C	15.6242	81.9012	0.138731	Node39	RN_29
A>G	4.59958	81.9012	0.0408408	Node39	RN_29
A>T	8.98805	81.9012	0.0798072	Node39	RN_29
C>A	1.43719	13.8714	0.0753461	Node39	RN_29
C>G	0.668779	13.8714	0.0350613	Node39	RN_29
C>T	3.50254	13.8714	0.183624	Node39	RN_29
T>C	0.964634	1.5708	0.44659	Node39	RN_29
G>A	0	0	0	Node39	RN_29
G>T	0	0	0	Node39	RN_29
T>A	0	1.5708	0	Node39	RN_29
T>G	0	1.5708	0	Node39	RN_29
G>C	0	0	0	Node39	RN_29
A>C	0.407275	115.415	0.00606529	Node49	RN_41
A>G	1.00136	115.415	0.0149126	Node49	RN_41
A>T	0.576765	115.415	0.0085894	Node49	RN_41
C>A	1.39685	45.5278	0.0527352	Node49	RN_41
C>T	2.23996	45.5278	0.084565	Node49	RN_41
T>C	3.87683	7.99814	0.833132	Node49	RN_41
G>A	0	2.01565	0	Node49	RN_41
C>G	0	45.5278	0	Node49	RN_41
G>T	0	2.01565	0	Node49	RN_41
T>A	0	7.99814	0	Node49	RN_41
T>G	0	7.99814	0	Node49	RN_41
G>C	0	2.01565	0	Node49	RN_41
A>C	1.26244	115.415	0.0124919	Node49	RN_42
A>G	0.725361	115.415	0.00717748	Node49	RN_42
A>T	0.87427	115.415	0.00865094	Node49	RN_42
C>A	0.379427	45.5278	0.0095177	Node49	RN_42
C>T	6.56993	45.5278	0.164803	Node49	RN_42
G>A	1.18381	2.01565	0.670732	Node49	RN_42
T>C	0.886816	7.99814	0.126627	Node49	RN_42
C>G	0	45.5278	0	Node49	RN_42
G>T	0	2.01565	0	Node49	RN_42
T>A	0	7.99814	0	Node49	RN_42
T>G	0	7.99814	0	Node49	RN_42
G>C	0	2.01565	0	Node49	RN_42
A>C	4.83494	108.397	0.0316506	Node13	RN_14
A>G	2.76241	108.397	0.0180834	Node13	RN_14
A>T	3.48383	108.397	0.022806	Node13	RN_14
C>A	2.05	39.2015	0.0371074	Node13	RN_14
C>T	7.56325	39.2015	0.136903	Node13	RN_14
G>A	0.327244	0.740041	0.31378	Node13	RN_14
T>A	0.979118	17.0688	0.0407044	Node13	RN_14
T>C	9.59685	17.0688	0.398965	Node13	RN_14
C>G	0	39.2015	0	Node13	RN_14
G>T	0	0.740041	0	Node13	RN_14
G>C	0	0.740041	0	Node13	RN_14
T>G	0	17.0688	0	Node13	RN_14
A>C	2.92214	97.9606	0.197202	Node27	Node28
A>T	0.373789	97.9606	0.0252253	Node27	Node28
C>A	0.750172	21.4073	0.231665	Node27	Node28
T>A	0.36272	9.27224	0.258612	Node27	Node28
T>C	0.402951	9.27224	0.287296	Node27	Node28
G>A	0	0	0	Node27	Node28
C>T	0	21.4073	0	Node27	Node28
C>G	0	21.4073	0	Node27	Node28
G>T	0	0	0	Node27	Node28
T>G	0	9.27224	0	Node27	Node28
G>C	0	0	0	Node27	Node28
A>G	0	97.9606	0	Node27	Node28
A>C	4.43539	97.9606	0.0378348	Node27	RN_4
A>G	2.99485	97.9606	0.0255466	Node27	RN_4
A>T	8.9623	97.9606	0.0764502	Node27	RN_4
C>A	4.63703	21.4073	0.181004	Node27	RN_4
C>G	0.374431	21.4073	0.0146157	Node27	RN_4
C>T	8.01277	21.4073	0.312774	Node27	RN_4
T>A	0.624224	9.27224	0.0562557	Node27	RN_4
T>C	3.27913	9.27224	0.295519	Node27	RN_4
G>A	0	0	0	Node27	RN_4
G>T	0	0	0	Node27	RN_4
G>C	0	0	0	Node27	RN_4
T>G	0	9.27224	0	Node27	RN_4
A>C	6.16111	102.596	0.0565031	Node38	RN_27
A>G	0.754008	102.596	0.00691496	Node38	RN_27
A>T	3.14455	102.596	0.0288385	Node38	RN_27
C>A	3.49165	27.254	0.120544	Node38	RN_27
C>T	7.93138	27.254	0.273819	Node38	RN_27
T>A	0.538828	14.0046	0.0362013	Node38	RN_27
T>C	7.10245	14.0046	0.47718	Node38	RN_27
G>A	0	0	0	Node38	RN_27
C>G	0	27.254	0	Node38	RN_27
G>T	0	0	0	Node38	RN_27
T>G	0	14.0046	0	Node38	RN_27
G>C	0	0	0	Node38	RN_27
A>C	5.12573	102.596	0.0459079	Node38	RN_28
A>G	2.07763	102.596	0.018608	Node38	RN_28
A>T	0.878481	102.596	0.007868	Node38	RN_28
C>A	2.13136	27.254	0.0718603	Node38	RN_28
C>G	0.526527	27.254	0.0177523	Node38	RN_28
C>T	5.25775	27.254	0.177269	Node38	RN_28
T>C	9.75986	14.0046	0.640378	Node38	RN_28
T>G	0.310251	14.0046	0.0203566	Node38	RN_28
G>A	0	0	0	Node38	RN_28
G>T	0	0	0	Node38	RN_28
T>A	0	14.0046	0	Node38	RN_28
G>C	0	0	0	Node38	RN_28
A>C	9.81885	89.7642	0.0696698	Node40	RN_19
A>G	1.45557	89.7642	0.010328	Node40	RN_19
A>T	7.88551	89.7642	0.0559518	Node40	RN_19
C>A	4.25325	18.7847	0.144213	Node40	RN_19
C>G	0.454613	18.7847	0.0154144	Node40	RN_19
C>T	3.30894	18.7847	0.112195	Node40	RN_19
T>A	0.392491	4.57242	0.0546727	Node40	RN_19
T>C	3.85907	4.57242	0.537556	Node40	RN_19
G>A	0	0	0	Node40	RN_19
G>T	0	0	0	Node40	RN_19
G>C	0	0	0	Node40	RN_19
T>G	0	4.57242	0	Node40	RN_19
A>C	4.89273	89.7642	0.0494725	Node40	RN_20
A>G	2.42464	89.7642	0.0245166	Node40	RN_20
A>T	5.37704	89.7642	0.0543696	Node40	RN_20
C>A	1.13037	18.7847	0.0546175	Node40	RN_20
C>T	7.77157	18.7847	0.37551	Node40	RN_20
T>C	2.22421	4.57242	0.441514	Node40	RN_20
G>A	0	0	0	Node40	RN_20
C>G	0	18.7847	0	Node40	RN_20
G>T	0	0	0	Node40	RN_20
T>A	0	4.57242	0	Node40	RN_20
T>G	0	4.57242	0	Node40	RN_20
G>C	0	0	0	Node40	RN_20
A>C	0.928049	106.493	0.0580833	Node14	Node15
A>G	0.690129	106.493	0.0431928	Node14	Node15
A>T	0.423712	106.493	0.0265187	Node14	Node15
C>A	0.751812	40.1469	0.124813	Node14	Node15
C>T	0.478708	40.1469	0.079473	Node14	Node15
T>C	1.69607	16.9246	0.66792	Node14	Node15
G>A	0	0.747372	0	Node14	Node15
C>G	0	40.1469	0	Node14	Node15
G>T	0	0.747372	0	Node14	Node15
T>A	0	16.9246	0	Node14	Node15
T>G	0	16.9246	0	Node14	Node15
G>C	0	0.747372	0	Node14	Node15
A>C	1.46423	106.493	0.0210949	Node14	Node20
A>G	0.525309	106.493	0.00756802	Node14	Node20
A>T	0.740274	106.493	0.010665	Node14	Node20
C>A	2.59146	40.1469	0.0990333	Node14	Node20
C>T	1.12652	40.1469	0.0430502	Node14	Node20
G>A	0.383141	0.747372	0.786519	Node14	Node20
T>C	0.353769	16.9246	0.0320692	Node14	Node20
C>G	0	40.1469	0	Node14	Node20
G>T	0	0.747372	0	Node14	Node20
T>A	0	16.9246	0	Node14	Node20
T>G	0	16.9246	0	Node14	Node20
G>C	0	0.747372	0	Node14	Node20
A>C	9.6981	96.2646	0.0967291	Node28	RN_3
A>G	1.14729	96.2646	0.0114431	Node28	RN_3
A>T	3.39905	96.2646	0.0339022	Node28	RN_3
C>A	3.26717	30.7934	0.101871	Node28	RN_3
C>T	5.80842	30.7934	0.181108	Node28	RN_3
T>A	1.52069	15.2141	0.0959691	Node28	RN_3
T>C	7.58972	15.2141	0.478978	Node28	RN_3
G>A	0	0	0	Node28	RN_3
C>G	0	30.7934	0	Node28	RN_3
G>T	0	0	0	Node28	RN_3
T>G	0	15.2141	0	Node28	RN_3
G>C	0	0	0	Node28	RN_3
A>C	0.822947	106.09	0.0523935	Node15	Node16
A>G	0.526264	106.09	0.033505	Node15	Node16
C>A	0.862102	45.6871	0.127451	Node15	Node16
C>T	3.66445	45.6871	0.541744	Node15	Node16
T>C	0.415158	11.4497	0.244906	Node15	Node16
G>A	0	1.08606	0	Node15	Node16
C>G	0	45.6871	0	Node15	Node16
G>T	0	1.08606	0	Node15	Node16
T>A	0	11.4497	0	Node15	Node16
T>G	0	11.4497	0	Node15	Node16
A>T	0	106.09	0	Node15	Node16
G>C	0	1.08606	0	Node15	Node16
A>C	0.388587	106.09	0.00400534	Node15	Node19
A>G	4.72564	106.09	0.0487093	Node15	Node19
A>T	1.53195	106.09	0.0157905	Node15	Node19
C>A	0.856358	45.6871	0.0204968	Node15	Node19
C>T	4.12844	45.6871	0.0988137	Node15	Node19
G>A	0.390731	1.08606	0.393414	Node15	Node19
T>C	4.38473	11.4497	0.41877	Node15	Node19
C>G	0	45.6871	0	Node15	Node19
G>T	0	1.08606	0	Node15	Node19
T>A	0	11.4497	0	Node15	Node19
T>G	0	11.4497	0	Node15	Node19
G>C	0	1.08606	0	Node15	Node19
A>C	0.977664	109.05	0.0135185	Node20	Node21
A>T	2.37406	109.05	0.032827	Node20	Node21
C>A	1.73613	38.8443	0.0673939	Node20	Node21
C>T	1.84699	38.8443	0.0716971	Node20	Node21
G>A	0.783127	1.62518	0.7266	Node20	Node21
T>C	1.05039	18.0057	0.0879637	Node20	Node21
C>G	0	38.8443	0	Node20	Node21
G>T	0	1.62518	0	Node20	Node21
T>A	0	18.0057	0	Node20	Node21
T>G	0	18.0057	0	Node20	Node21
G>C	0	1.62518	0	Node20	Node21
A>G	0	109.05	0	Node20	Node21
A>C	2.3283	92.0048	0.0303411	Node29	Node32
A>T	1.85151	92.0048	0.0241279	Node29	Node32
C>A	1.69218	37.6826	0.0538405	Node29	Node32
G>A	0.309586	0.442241	0.839317	Node29	Node32
T>C	0.837162	19.1647	0.0523735	Node29	Node32
C>T	0	37.6826	0	Node29	Node32
C>G	0	37.6826	0	Node29	Node32
G>T	0	0.442241	0	Node29	Node32
T>A	0	19.1647	0	Node29	Node32
T>G	0	19.1647	0	Node29	Node32
G>C	0	0.442241	0	Node29	Node32
A>G	0	92.0048	0	Node29	Node32
A>C	0.847642	107.067	0.0726695	Node16	Node17
A>G	2.09391	107.067	0.179514	Node16	Node17
C>T	2.4732	46.5128	0.488072	Node16	Node17
T>C	0.348262	12.3072	0.259744	Node16	Node17
G>A	0	3.07219	0	Node16	Node17
C>G	0	46.5128	0	Node16	Node17
G>T	0	3.07219	0	Node16	Node17
T>A	0	12.3072	0	Node16	Node17
T>G	0	12.3072	0	Node16	Node17
A>T	0	107.067	0	Node16	Node17
G>C	0	3.07219	0	Node16	Node17
C>A	0	46.5128	0	Node16	Node17
A>G	3.3272	107.067	0.0524395	Node16	RN_17
C>A	0.791705	46.5128	0.0287229	Node16	RN_17
C>T	3.3045	46.5128	0.119887	Node16	RN_17
G>A	0.657766	3.07219	0.361294	Node16	RN_17
T>C	3.19194	12.3072	0.437658	Node16	RN_17
C>G	0	46.5128	0	Node16	RN_17
G>T	0	3.07219	0	Node16	RN_17
T>A	0	12.3072	0	Node16	RN_17
A>C	0	107.067	0	Node16	RN_17
T>G	0	12.3072	0	Node16	RN_17
A>T	0	107.067	0	Node16	RN_17
G>C	0	3.07219	0	Node16	RN_17
A>G	4.26072	104.817	0.347198	Node19	RN_12
C>T	0.865957	55.0158	0.134442	Node19	RN_12
T>C	0.646365	10.6505	0.51836	Node19	RN_12
G>A	0	5.90693	0	Node19	RN_12
C>G	0	55.0158	0	Node19	RN_12
G>T	0	5.90693	0	Node19	RN_12
T>A	0	10.6505	0	Node19	RN_12
A>C	0	104.817	0	Node19	RN_12
T>G	0	10.6505	0	Node19	RN_12
A>T	0	104.817	0	Node19	RN_12
G>C	0	5.90693	0	Node19	RN_12
C>A	0	55.0158	0	Node19	RN_12
A>G	4.12805	104.817	0.0524954	Node19	RN_13
C>T	2.06701	55.0158	0.0500797	Node19	RN_13
G>A	2.97751	5.90693	0.671891	Node19	RN_13
T>C	1.80209	10.6505	0.225534	Node19	RN_13
C>G	0	55.0158	0	Node19	RN_13
G>T	0	5.90693	0	Node19	RN_13
T>A	0	10.6505	0	Node19	RN_13
A>C	0	104.817	0	Node19	RN_13
T>G	0	10.6505	0	Node19	RN_13
A>T	0	104.817	0	Node19	RN_13
G>C	0	5.90693	0	Node19	RN_13
C>A	0	55.0158	0	Node19	RN_13
A>G	1.45288	109.008	0.0197971	Node21	RN_15
A>T	1.56127	109.008	0.021274	Node21	RN_15
C>A	1.07439	35.5	0.0449535	Node21	RN_15
C>T	10.2458	35.5	0.428692	Node21	RN_15
T>C	5.58979	19.8956	0.417317	Node21	RN_15
T>G	0.91038	19.8956	0.0679663	Node21	RN_15
G>A	0	0	0	Node21	RN_15
C>G	0	35.5	0	Node21	RN_15
G>T	0	0	0	Node21	RN_15
T>A	0	19.8956	0	Node21	RN_15
A>C	0	109.008	0	Node21	RN_15
G>C	0	0	0	Node21	RN_15
A>C	0.853758	109.008	0.0144468	Node21	Node22
A>G	0.527692	109.008	0.00892929	Node21	Node22
A>T	0.374733	109.008	0.00634101	Node21	Node22
C>A	1.20209	35.5	0.06246	Node21	Node22
C>T	7.41834	35.5	0.385453	Node21	Node22
T>C	5.63434	19.8956	0.52237	Node21	Node22
G>A	0	0	0	Node21	Node22
C>G	0	35.5	0	Node21	Node22
G>T	0	0	0	Node21	Node22
T>A	0	19.8956	0	Node21	Node22
T>G	0	19.8956	0	Node21	Node22
G>C	0	0	0	Node21	Node22
A>G	4.29488	106.565	0.0269306	Node23	RN_16
A>T	2.72755	106.565	0.0171028	Node23	RN_16
C>T	8.49362	40.7757	0.139188	Node23	RN_16
G>A	2.11884	3.49533	0.405061	Node23	RN_16
T>C	9.39315	16.8277	0.372989	Node23	RN_16
T>G	0.975336	16.8277	0.0387292	Node23	RN_16
C>G	0	40.7757	0	Node23	RN_16
G>T	0	3.49533	0	Node23	RN_16
T>A	0	16.8277	0	Node23	RN_16
A>C	0	106.565	0	Node23	RN_16
G>C	0	3.49533	0	Node23	RN_16
C>A	0	40.7757	0	Node23	RN_16
A>G	5.99547	106.565	0.0957725	Node23	Node24
A>T	0.862211	106.565	0.0137731	Node23	Node24
C>A	0.56586	40.7757	0.0236232	Node23	Node24
C>G	0.532019	40.7757	0.0222105	Node23	Node24
C>T	7.83377	40.7757	0.32704	Node23	Node24
T>A	0.37474	16.8277	0.0379086	Node23	Node24
T>C	4.41039	16.8277	0.446154	Node23	Node24
T>G	0.331338	16.8277	0.033518	Node23	Node24
G>A	0	3.49533	0	Node23	Node24
G>T	0	3.49533	0	Node23	Node24
G>C	0	3.49533	0	Node23	Node24
A>C	0	106.565	0	Node23	Node24
A>C	2.03743	91.1672	0.0209951	Node30	RN_5
A>G	3.35883	91.1672	0.0346118	Node30	RN_5
A>T	7.58688	91.1672	0.0781806	Node30	RN_5
C>A	1.9483	39.4878	0.0463519	Node30	RN_5
C>G	1.97725	39.4878	0.0470407	Node30	RN_5
C>T	13.0706	39.4878	0.310963	Node30	RN_5
T>A	0.353462	22.5955	0.0146959	Node30	RN_5
T>C	10.3975	22.5955	0.432296	Node30	RN_5
T>G	0.357525	22.5955	0.0148648	Node30	RN_5
G>A	0	0.662226	0	Node30	RN_5
G>T	0	0.662226	0	Node30	RN_5
G>C	0	0.662226	0	Node30	RN_5
A>G	1.55469	105.929	0.0329993	Node17	Node18
C>A	0.881751	51.0362	0.0388457	Node17	Node18
C>G	0.838883	51.0362	0.0369571	Node17	Node18
C>T	3.48179	51.0362	0.153391	Node17	Node18
G>A	0.928635	5.6523	0.369399	Node17	Node18
T>C	2.64849	16.1638	0.368408	Node17	Node18
G>T	0	5.6523	0	Node17	Node18
T>A	0	16.1638	0	Node17	Node18
A>C	0	105.929	0	Node17	Node18
T>G	0	16.1638	0	Node17	Node18
A>T	0	105.929	0	Node17	Node18
G>C	0	5.6523	0	Node17	Node18
A>G	1.80679	105.929	0.0597221	Node17	RN_8
C>T	2.32397	51.0362	0.159438	Node17	RN_8
G>A	0.783144	5.6523	0.485129	Node17	RN_8
T>C	1.36512	16.1638	0.29571	Node17	RN_8
C>G	0	51.0362	0	Node17	RN_8
G>T	0	5.6523	0	Node17	RN_8
T>A	0	16.1638	0	Node17	RN_8
A>C	0	105.929	0	Node17	RN_8
T>G	0	16.1638	0	Node17	RN_8
A>T	0	105.929	0	Node17	RN_8
G>C	0	5.6523	0	Node17	RN_8
C>A	0	51.0362	0	Node17	RN_8
A>C	5.1904	90.4638	0.032523	Node31	RN_2
A>G	1.24158	90.4638	0.00777973	Node31	RN_2
A>T	2.81222	90.4638	0.0176213	Node31	RN_2
C>A	5.37484	41.6502	0.07315	Node31	RN_2
C>T	13.3658	41.6502	0.181904	Node31	RN_2
G>A	0.677931	1.01457	0.378765	Node31	RN_2
T>A	1.97332	24.0873	0.0464381	Node31	RN_2
T>C	11.1256	24.0873	0.261819	Node31	RN_2
C>G	0	41.6502	0	Node31	RN_2
G>T	0	1.01457	0	Node31	RN_2
G>C	0	1.01457	0	Node31	RN_2
T>G	0	24.0873	0	Node31	RN_2
A>C	2.81715	90.4638	0.025085	Node31	RN_21
A>G	3.09747	90.4638	0.027581	Node31	RN_21
A>T	4.94611	90.4638	0.044042	Node31	RN_21
C>A	2.21547	41.6502	0.0428477	Node31	RN_21
C>G	0.527639	41.6502	0.0102047	Node31	RN_21
C>T	9.59052	41.6502	0.185483	Node31	RN_21
G>A	0.336638	1.01457	0.267276	Node31	RN_21
T>A	0.659042	24.0873	0.0220396	Node31	RN_21
T>C	11.2267	24.0873	0.375441	Node31	RN_21
G>T	0	1.01457	0	Node31	RN_21
G>C	0	1.01457	0	Node31	RN_21
T>G	0	24.0873	0	Node31	RN_21
A>C	5.60266	101.416	0.0290494	Node33	RN_23
A>G	4.22604	101.416	0.0219117	Node33	RN_23
A>T	1.56136	101.416	0.00809553	Node33	RN_23
C>A	1.64485	45.2452	0.0191162	Node33	RN_23
C>G	0.632639	45.2452	0.00735242	Node33	RN_23
C>T	8.00804	45.2452	0.0930681	Node33	RN_23
G>A	0.80656	0.80656	0.525832	Node33	RN_23
T>A	0.649296	19.9919	0.0170779	Node33	RN_23
T>C	10.261	19.9919	0.269888	Node33	RN_23
T>G	0.327296	19.9919	0.00860861	Node33	RN_23
G>T	0	0.80656	0	Node33	RN_23
G>C	0	0.80656	0	Node33	RN_23
A>C	2.59178	99.7765	0.033488	Node37	RN_24
A>G	6.8446	99.7765	0.0884382	Node37	RN_24
A>T	1.75586	99.7765	0.0226873	Node37	RN_24
C>A	2.11411	45.5452	0.0598418	Node37	RN_24
C>T	11.0426	45.5452	0.312572	Node37	RN_24
T>A	0.915415	18.299	0.0644926	Node37	RN_24
T>C	5.93995	18.299	0.41848	Node37	RN_24
G>A	0	0.789054	0	Node37	RN_24
C>G	0	45.5452	0	Node37	RN_24
G>T	0	0.789054	0	Node37	RN_24
T>G	0	18.299	0	Node37	RN_24
G>C	0	0.789054	0	Node37	RN_24
A>C	3.97626	99.7765	0.0199219	Node37	RN_26
A>G	1.74962	99.7765	0.00876597	Node37	RN_26
A>T	2.79218	99.7765	0.0139894	Node37	RN_26
C>A	2.06209	45.5452	0.0226334	Node37	RN_26
C>G	0.417315	45.5452	0.00458042	Node37	RN_26
C>T	11.6209	45.5452	0.12755	Node37	RN_26
G>A	0.789053	0.789054	0.499901	Node37	RN_26
T>A	1.10877	18.299	0.03029	Node37	RN_26
T>C	9.47001	18.299	0.258706	Node37	RN_26
T>G	0.500058	18.299	0.0136608	Node37	RN_26
G>T	0	0.789054	0	Node37	RN_26
G>C	0	0.789054	0	Node37	RN_26
A>C	6.15969	101.472	0.0736692	Node34	RN_25
A>G	5.10122	101.472	0.06101	Node34	RN_25
A>T	0.89964	101.472	0.0107596	Node34	RN_25
C>T	10.0859	44.8125	0.273142	Node34	RN_25
T>C	9.33624	19.4875	0.581419	Node34	RN_25
G>A	0	0.849351	0	Node34	RN_25
C>G	0	44.8125	0	Node34	RN_25
G>T	0	0.849351	0	Node34	RN_25
T>A	0	19.4875	0	Node34	RN_25
T>G	0	19.4875	0	Node34	RN_25
G>C	0	0.849351	0	Node34	RN_25
C>A	0	44.8125	0	Node34	RN_25
A>C	0.834969	101.207	0.00496357	Node35	Node36
A>G	3.07624	101.207	0.018287	Node35	Node36
A>T	4.50878	101.207	0.026803	Node35	Node36
C>A	2.24134	45.5188	0.0296243	Node35	Node36
C>G	0.32823	45.5188	0.00433829	Node35	Node36
C>T	7.14717	45.5188	0.0944659	Node35	Node36
G>A	0.502895	0.506884	0.596899	Node35	Node36
T>A	1.02607	20.0255	0.0308265	Node35	Node36
T>C	6.45045	20.0255	0.193793	Node35	Node36
G>T	0	0.506884	0	Node35	Node36
G>C	0	0.506884	0	Node35	Node36
T>G	0	20.0255	0	Node35	Node36
A>C	1.84401	101.207	0.0200066	Node35	RN_22
A>G	4.45652	101.207	0.0483509	Node35	RN_22
A>T	0.313783	101.207	0.00340438	Node35	RN_22
C>A	2.99023	45.5188	0.0721323	Node35	RN_22
C>T	6.22363	45.5188	0.150131	Node35	RN_22
T>A	1.03771	20.0255	0.0568993	Node35	RN_22
T>C	11.8376	20.0255	0.649076	Node35	RN_22
G>A	0	0.506884	0	Node35	RN_22
C>G	0	45.5188	0	Node35	RN_22
G>T	0	0.506884	0	Node35	RN_22
T>G	0	20.0255	0	Node35	RN_22
G>C	0	0.506884	0	Node35	RN_22
A>G	3.6435	102.968	0.0782235	Node36	RN_10
C>T	1.52521	48.6575	0.0692949	Node36	RN_10
G>A	1.73006	5.48592	0.69716	Node36	RN_10
T>C	1.78023	25.3375	0.155322	Node36	RN_10
C>G	0	48.6575	0	Node36	RN_10
G>T	0	5.48592	0	Node36	RN_10
T>A	0	25.3375	0	Node36	RN_10
A>C	0	102.968	0	Node36	RN_10
T>G	0	25.3375	0	Node36	RN_10
A>T	0	102.968	0	Node36	RN_10
G>C	0	5.48592	0	Node36	RN_10
C>A	0	48.6575	0	Node36	RN_10
A>G	2.24455	102.968	0.045172	Node36	RN_11
C>A	0.901995	48.6575	0.0384147	Node36	RN_11
C>G	0.782927	48.6575	0.0333437	Node36	RN_11
C>T	2.15641	48.6575	0.0918383	Node36	RN_11
G>A	1.7791	5.48592	0.672038	Node36	RN_11
T>C	1.45738	25.3375	0.119193	Node36	RN_11
G>T	0	5.48592	0	Node36	RN_11
T>A	0	25.3375	0	Node36	RN_11
A>C	0	102.968	0	Node36	RN_11
T>G	0	25.3375	0	Node36	RN_11
A>T	0	102.968	0	Node36	RN_11
G>C	0	5.48592	0	Node36	RN_11
