Mut	ObsNum	ExpNum	MutSpec
T[T>C]T	0.859413	2.999999999999995	0.015564796057151678
G[T>C]T	1.71867621	2.9740259740259694	0.03139872974733057
G[G>A]T	0.85929626	5.987012987012977	0.007798220156139833
C[G>A]T	1.85699296	3.974025974025975	0.025388808887308816
G[C>T]T	0.8591011	1.025974025974026	0.045495734358515616
T[A>G]T	2.57657069	2.948051948051944	0.04748644965723037
C[A>G]T	0.85917956	3.0129870129870087	0.015493496819414544
A[A>G]T	3.57190682	8.896103896103897	0.021815393201597585
C[T>A]G	0.8573274	4.987012987012985	0.009340475275811643
A[T>A]G	0.9998582	4.012987012987014	0.013537342875435076
T[G>A]G	2.71807304	9.97402597402597	0.01480653366961688
G[G>A]G	0.8592921	9.0	0.005187535480621294
A[G>A]G	3.43695029	11.064935064935062	0.016876685282002115
A[C>T]G	0.9996216	0.9870129870129872	0.05502696185702452
T[A>G]G	1.8590330000000002	4.000000000000001	0.025251656806897387
G[A>G]G	0.99947274	2.0000000000000004	0.027152118997704054
A[A>G]G	3.71795693	7.922077922077923	0.025499285711944417
T[A>C]G	0.8592888	4.000000000000001	0.011671910006767327
T[T>C]C	1.7158947	4.000000000000001	0.023307377588872358
G[T>C]C	0.85937506	3.090909090909087	0.015106341017633784
C[T>C]C	0.85904557	2.999999999999996	0.015558141546438805
A[T>C]C	1.7191416	2.9870129870129825	0.03127067883792377
G[G>A]C	0.85928196	1.0000000000000002	0.04668726839013213
A[G>A]C	2.5765378500000002	3.961038961038962	0.03534192354659094
T[C>T]C	1.7171674000000001	1.0000000000000002	0.09329865981893229
G[C>T]C	1.8527757	0.9090909090909092	0.11073331506910308
C[C>T]C	0.85915935	1.0000000000000002	0.04668060663503452
C[T>C]A	0.85938954	3.987012987012988	0.011711302088569743
A[T>C]A	1.8585801499999999	5.974025974025965	0.01690351247540929
G[G>T]A	0.8591011	11.025974025974024	0.004233407555150452
T[G>A]A	0.85928196	15.012987012987011	0.0031097920986506706
G[G>A]A	2.57786972	20.038961038961038	0.006989539038180088
T[C>T]A	1.85880369	1.9740259740259745	0.05116151939360176
G[C>T]A	2.57760125	3.857142857142857	0.036308873926526875
T[A>G]A	0.85925925	7.025974025974021	0.006644777552224026
G[A>G]A	2.57765325	8.948051948051948	0.015651601023297875
C[A>G]A	1.8588981100000002	6.961038961038956	0.01450922754921385
T[C>A]A	0.0	0.9870129870129872	0.0
A[G>A]T	0.0	8.103896103896107	0.0
C[C>T]A	0.0	0.0129870129870129	0.0
A[G>C]A	0.0	2.987012987012982	0.0
T[T>A]A	0.0	7.012987012987009	0.0
A[A>G]C	0.0	0.0389610389610389	0.0
T[T>A]G	0.0	4.999999999999998	0.0
T[C>T]G	0.0	0.0129870129870129	0.0
G[T>G]T	0.0	0.0	0.0
C[G>T]C	0.0	2.999999999999995	0.0
C[G>C]C	0.0	2.999999999999995	0.0
C[G>T]G	0.0	4.000000000000001	0.0
T[C>A]G	0.0	0.0129870129870129	0.0
G[T>A]C	0.0	3.090909090909087	0.0
C[C>G]C	0.0	1.0000000000000002	0.0
A[T>G]C	0.0	1.0000000000000002	0.0
C[C>T]G	0.0	1.0000000000000002	0.0
T[C>G]G	0.0	0.0129870129870129	0.0
G[C>G]A	0.0	1.0000000000000002	0.0
G[A>C]T	0.0	0.0	0.0
G[A>C]A	0.0	3.961038961038962	0.0
T[A>T]A	0.0	0.0	0.0
G[A>C]C	0.0	0.0	0.0
C[G>T]A	0.0	1.0649350649350646	0.0
A[C>T]T	0.0	0.0	0.0
C[T>A]A	0.0	2.974025974025969	0.0
C[G>A]A	0.0	7.025974025974022	0.0
C[T>G]T	0.0	0.0	0.0
G[C>A]A	0.0	1.0000000000000002	0.0
A[C>T]A	0.0	0.0129870129870129	0.0
C[C>A]G	0.0	1.0000000000000002	0.0
T[A>C]A	0.0	0.0	0.0
C[A>C]C	0.0	0.0	0.0
T[C>A]C	0.0	0.9870129870129872	0.0
C[G>A]C	0.0	2.999999999999995	0.0
C[G>A]G	0.0	4.000000000000001	0.0
G[A>G]T	0.0	0.0	0.0
A[T>A]A	0.0	2.9740259740259694	0.0
C[C>G]A	0.0	0.0129870129870129	0.0
C[T>G]G	0.0	4.987012987012985	0.0
C[A>C]T	0.0	0.0	0.0
A[C>T]C	0.0	0.0129870129870129	0.0
A[T>G]G	0.0	4.012987012987014	0.0
C[A>T]G	0.0	0.0	0.0
A[C>G]C	0.0	0.0	0.0
A[A>C]G	0.0	1.9740259740259745	0.0
T[C>G]T	0.0	0.0	0.0
G[G>C]A	0.0	11.025974025974024	0.0
G[C>A]G	0.0	0.0	0.0
T[A>T]T	0.0	0.0	0.0
G[A>T]G	0.0	2.0000000000000004	0.0
C[T>G]C	0.0	2.0000000000000004	0.0
A[T>C]T	0.0	2.0000000000000004	0.0
T[G>C]T	0.0	0.0	0.0
C[A>C]G	0.0	0.0	0.0
G[C>A]T	0.0	0.0	0.0
G[T>C]A	0.0	3.168831168831165	0.0
T[T>A]T	0.0	0.0	0.0
A[A>T]T	0.0	0.0	0.0
A[G>C]G	0.0	3.0259740259740213	0.0
T[A>G]C	0.0	0.0	0.0
G[A>G]C	0.0	1.0000000000000002	0.0
A[G>C]T	0.0	0.0	0.0
G[C>G]G	0.0	0.0	0.0
A[T>A]T	0.0	0.0	0.0
G[C>G]C	0.0	0.9090909090909092	0.0
G[T>C]G	0.0	4.999999999999998	0.0
C[T>G]A	0.0	2.974025974025969	0.0
G[T>A]T	0.0	0.0	0.0
A[A>T]A	0.0	1.0000000000000002	0.0
G[A>T]T	0.0	0.0	0.0
T[A>C]T	0.0	0.0	0.0
G[G>T]T	0.0	0.0	0.0
A[G>T]T	0.0	0.0	0.0
C[T>C]T	0.0	0.0	0.0
T[C>T]T	0.0	0.0	0.0
A[C>G]G	0.0	0.9870129870129872	0.0
T[T>C]G	0.0	4.999999999999998	0.0
T[G>C]A	0.0	4.000000000000001	0.0
C[T>A]T	0.0	0.0	0.0
G[T>A]A	0.0	1.0389610389610389	0.0
C[C>A]C	0.0	1.0000000000000002	0.0
A[G>C]C	0.0	3.948051948051949	0.0
G[A>T]C	0.0	0.0	0.0
G[A>C]G	0.0	2.0000000000000004	0.0
G[C>T]G	0.0	0.0	0.0
A[T>G]A	0.0	2.9740259740259694	0.0
T[G>T]A	0.0	4.000000000000001	0.0
A[A>C]C	0.0	0.0389610389610389	0.0
G[G>T]G	0.0	9.0	0.0
G[G>C]C	0.0	1.0000000000000002	0.0
T[T>G]A	0.0	7.012987012987009	0.0
C[A>C]A	0.0	2.987012987012982	0.0
A[T>G]T	0.0	0.0	0.0
C[G>C]A	0.0	1.0649350649350646	0.0
C[A>G]C	0.0	0.0	0.0
G[T>G]C	0.0	3.090909090909087	0.0
A[G>A]A	0.0	10.987012987012983	0.0
A[C>A]C	0.0	0.0	0.0
T[A>C]C	0.0	0.0	0.0
G[C>A]C	0.0	0.9090909090909092	0.0
A[C>A]A	0.0	0.0129870129870129	0.0
T[T>G]G	0.0	4.999999999999998	0.0
T[G>A]C	0.0	2.0000000000000004	0.0
A[C>A]T	0.0	0.0	0.0
C[G>T]T	0.0	0.0	0.0
T[T>G]C	0.0	1.012987012987013	0.0
C[T>C]G	0.0	4.987012987012985	0.0
A[A>T]G	0.0	1.9740259740259745	0.0
A[G>T]C	0.0	3.948051948051949	0.0
A[C>G]A	0.0	0.0129870129870129	0.0
C[A>T]A	0.0	2.987012987012982	0.0
C[A>T]C	0.0	0.0	0.0
C[C>A]A	0.0	0.0129870129870129	0.0
G[T>A]G	0.0	4.999999999999998	0.0
A[A>G]A	0.0	2.012987012987013	0.0
C[G>C]G	0.0	4.000000000000001	0.0
C[T>A]C	0.0	2.0000000000000004	0.0
T[G>T]T	0.0	0.0	0.0
A[T>C]G	0.0	4.012987012987014	0.0
T[T>C]A	0.0	8.025974025974028	0.0
G[C>G]T	0.0	0.0	0.0
C[G>C]T	0.0	0.0	0.0
A[C>A]G	0.0	0.9870129870129872	0.0
C[A>G]G	0.0	0.0	0.0
G[A>T]A	0.0	3.961038961038962	0.0
T[G>C]C	0.0	2.0000000000000004	0.0
T[C>G]A	0.0	0.9870129870129872	0.0
C[C>G]G	0.0	1.0000000000000002	0.0
G[G>T]C	0.0	1.0000000000000002	0.0
T[T>A]C	0.0	1.012987012987013	0.0
A[G>T]G	0.0	3.0259740259740213	0.0
T[G>T]G	0.0	9.97402597402597	0.0
T[A>T]G	0.0	4.000000000000001	0.0
G[G>C]T	0.0	0.0	0.0
A[A>C]T	0.0	0.0	0.0
T[G>T]C	0.0	2.0000000000000004	0.0
T[C>A]T	0.0	0.0	0.0
A[T>A]C	0.0	1.0000000000000002	0.0
T[A>T]C	0.0	0.0	0.0
A[A>C]A	0.0	1.0000000000000002	0.0
G[G>C]G	0.0	9.0	0.0
T[G>A]T	0.0	8.051948051948054	0.0
C[C>T]T	0.0	0.0	0.0
C[C>A]T	0.0	0.0	0.0
T[C>G]C	0.0	0.9870129870129872	0.0
A[A>T]C	0.0	0.0389610389610389	0.0
A[G>T]A	0.0	2.987012987012982	0.0
A[C>G]T	0.0	0.0	0.0
T[G>C]G	0.0	9.97402597402597	0.0
T[T>G]T	0.0	0.0	0.0
C[C>G]T	0.0	0.0	0.0
C[A>T]T	0.0	0.0	0.0
G[T>G]G	0.0	4.999999999999998	0.0
G[T>G]A	0.0	1.0389610389610389	0.0
